id,id_maquina,data,estado,temperature,humidity,voltage,current,power
1,Machine_1,2025-04-05 14:00:00,OK,38.4,48.21,233.92,5.4,1195.73
2,Machine_1,2025-04-05 14:04:00,OK,51.27,52.34,223.64,6.23,2191.43
3,Machine_1,2025-04-05 14:08:00,OK,26.05,59.25,227.34,5.2,622.69
4,Machine_1,2025-04-05 14:12:00,OK,23.89,57.52,239.53,9.75,665.47
5,Machine_1,2025-04-05 14:16:00,OK,40.34,31.78,239.54,8.85,979.19
6,Machine_1,2025-04-05 14:20:00,OK,47.05,35.18,222.69,8.26,1582.03
7,Machine_1,2025-04-05 14:24:00,OK,39.83,30.15,220.57,6.55,1347.94
8,Machine_1,2025-04-05 14:28:00,OK,47.42,34.55,225.94,6.9,1757.29
9,Machine_1,2025-04-05 14:32:00,OK,23.13,36.19,216.75,9.59,2317.64
10,Machine_1,2025-04-05 14:36:00,OK,57.57,32.97,237.01,9.25,1835.12
11,Machine_1,2025-04-05 14:40:00,OK,34.75,43.55,228.8,7.5,867.39
12,Machine_1,2025-04-05 14:44:00,Not OK,52.44,84.19,199.56,9.73,4327.57
13,Machine_1,2025-04-05 14:48:00,OK,59.2,54.41,218.3,9.86,1783.72
14,Machine_1,2025-04-05 14:52:00,OK,48.35,33.0,233.74,9.4,1645.86
15,Machine_1,2025-04-05 14:56:00,OK,30.37,52.88,228.39,9.31,1515.97
16,Machine_1,2025-04-05 15:00:00,OK,59.59,56.82,228.59,5.67,1929.26
17,Machine_1,2025-04-05 15:04:00,OK,24.14,34.0,234.39,5.63,1945.43
18,Machine_1,2025-04-05 15:08:00,OK,31.49,47.05,213.94,8.46,992.69
19,Machine_1,2025-04-05 15:12:00,OK,52.57,36.78,225.8,5.66,2152.12
20,Machine_1,2025-04-05 15:16:00,OK,38.23,33.34,224.08,6.34,1363.28
21,Machine_1,2025-04-05 15:20:00,OK,30.49,53.36,220.58,7.78,1585.8
22,Machine_1,2025-04-05 15:24:00,OK,42.54,56.5,225.26,8.31,1354.54
23,Machine_1,2025-04-05 15:28:00,OK,33.0,47.67,212.66,8.38,1938.8
24,Machine_1,2025-04-05 15:32:00,OK,36.33,59.75,210.44,9.48,577.19
25,Machine_1,2025-04-05 15:36:00,OK,55.55,56.54,239.25,9.16,1588.92
26,Machine_1,2025-04-05 15:40:00,OK,40.04,51.3,239.92,9.77,2375.21
27,Machine_1,2025-04-05 15:44:00,OK,33.68,45.11,219.16,6.38,794.55
28,Machine_1,2025-04-05 15:48:00,Not OK,46.99,58.59,195.63,5.14,695.0
29,Machine_1,2025-04-05 15:52:00,OK,48.13,46.46,236.85,5.97,2023.17
30,Machine_1,2025-04-05 15:56:00,OK,50.82,43.8,214.76,8.74,552.92
31,Machine_1,2025-04-05 16:00:00,Not OK,86.38,32.97,235.49,8.3,3938.23
32,Machine_1,2025-04-05 16:04:00,OK,27.81,56.92,225.62,9.57,1076.4
33,Machine_1,2025-04-05 16:08:00,OK,34.93,59.52,232.3,6.86,1594.14
34,Machine_1,2025-04-05 16:12:00,Not OK,63.19,56.43,216.74,19.25,4001.52
35,Machine_1,2025-04-05 16:16:00,OK,30.36,36.2,215.04,6.98,1642.07
36,Machine_1,2025-04-05 16:20:00,OK,26.51,34.2,237.58,5.23,1784.97
37,Machine_1,2025-04-05 16:24:00,OK,44.79,56.89,229.39,5.08,2451.33
38,Machine_1,2025-04-05 16:28:00,OK,53.54,43.4,229.83,8.3,2245.92
39,Machine_1,2025-04-05 16:32:00,OK,25.69,53.96,226.86,9.4,2074.59
40,Machine_1,2025-04-05 16:36:00,OK,48.24,30.2,227.96,5.08,1117.28
41,Machine_1,2025-04-05 16:40:00,OK,33.26,32.56,235.85,6.89,796.67
42,Machine_1,2025-04-05 16:44:00,Not OK,29.95,49.43,191.21,7.87,700.25
43,Machine_1,2025-04-05 16:48:00,OK,45.43,49.15,212.75,9.72,715.69
44,Machine_1,2025-04-05 16:52:00,Not OK,85.66,51.83,222.38,6.89,3774.82
45,Machine_1,2025-04-05 16:56:00,Not OK,85.42,57.49,220.29,17.64,4051.61
46,Machine_1,2025-04-05 17:00:00,OK,45.36,40.79,217.91,7.47,828.62
47,Machine_1,2025-04-05 17:04:00,Not OK,77.88,50.38,230.2,5.18,4620.23
48,Machine_1,2025-04-05 17:08:00,Not OK,39.19,85.24,198.8,5.77,4418.85
49,Machine_1,2025-04-05 17:12:00,Not OK,47.71,37.74,194.24,5.59,709.49
50,Machine_1,2025-04-05 17:16:00,OK,26.5,38.15,235.06,8.54,931.65
51,Machine_1,2025-04-05 17:20:00,OK,30.53,41.12,238.25,6.4,1283.63
52,Machine_1,2025-04-05 17:24:00,OK,45.38,48.17,220.09,5.61,1112.41
53,Machine_1,2025-04-05 17:28:00,OK,28.08,41.46,237.81,7.12,875.36
54,Machine_1,2025-04-05 17:32:00,OK,22.38,46.04,232.11,5.06,2324.51
55,Machine_1,2025-04-05 17:36:00,Not OK,84.85,37.55,225.55,8.59,4931.42
56,Machine_1,2025-04-05 17:40:00,OK,53.08,38.72,226.92,6.82,1169.04
57,Machine_1,2025-04-05 17:44:00,OK,31.97,36.26,230.2,8.22,654.4
58,Machine_1,2025-04-05 17:48:00,OK,45.06,55.0,217.4,9.95,2269.21
59,Machine_1,2025-04-05 17:52:00,OK,34.15,47.95,222.99,9.67,802.52
60,Machine_1,2025-04-05 17:56:00,OK,39.65,59.01,221.63,9.73,1011.46
61,Machine_1,2025-04-05 18:00:00,OK,57.9,51.89,214.86,6.64,2107.17
62,Machine_1,2025-04-05 18:04:00,OK,35.14,51.44,229.79,7.6,2317.59
63,Machine_1,2025-04-05 18:08:00,Not OK,69.51,41.32,216.51,16.08,4342.43
64,Machine_1,2025-04-05 18:12:00,OK,58.36,45.4,216.88,7.78,1230.53
65,Machine_1,2025-04-05 18:16:00,Not OK,62.56,40.65,217.02,16.26,3989.22
66,Machine_1,2025-04-05 18:20:00,OK,34.08,32.29,224.34,5.92,1606.96
67,Machine_1,2025-04-05 18:24:00,OK,33.73,33.67,217.57,6.43,2024.71
68,Machine_1,2025-04-05 18:28:00,Not OK,61.25,51.89,229.33,19.56,3785.08
69,Machine_1,2025-04-05 18:32:00,OK,54.99,43.62,230.61,9.63,2409.49
70,Machine_1,2025-04-05 18:36:00,OK,31.6,34.14,220.07,6.23,2131.15
71,Machine_1,2025-04-05 18:40:00,OK,57.9,53.53,224.73,8.71,1343.38
72,Machine_1,2025-04-05 18:44:00,Not OK,79.16,39.06,239.08,19.67,4288.15
73,Machine_1,2025-04-05 18:48:00,OK,37.6,38.11,213.16,5.86,1496.65
74,Machine_1,2025-04-05 18:52:00,OK,31.68,43.35,221.25,8.95,2467.01
75,Machine_1,2025-04-05 18:56:00,OK,30.4,46.73,213.82,9.99,902.99
76,Machine_1,2025-04-05 19:00:00,OK,37.3,42.38,230.23,6.01,719.92
77,Machine_1,2025-04-05 19:04:00,OK,33.01,42.37,238.95,9.77,1905.37
78,Machine_1,2025-04-05 19:08:00,Not OK,35.42,82.25,193.12,7.24,3793.74
79,Machine_1,2025-04-05 19:12:00,OK,26.03,51.85,215.84,9.44,1398.04
80,Machine_1,2025-04-05 19:16:00,OK,51.1,57.83,225.8,7.36,1074.61
81,Machine_1,2025-04-05 19:20:00,OK,22.72,52.01,216.52,8.3,1645.21
82,Machine_1,2025-04-05 19:24:00,Not OK,48.33,45.32,191.69,5.82,770.53
83,Machine_1,2025-04-05 19:28:00,OK,56.95,51.4,218.92,5.0,597.03
84,Machine_1,2025-04-05 19:32:00,Not OK,80.85,36.25,230.38,18.54,3924.68
85,Machine_1,2025-04-05 19:36:00,Not OK,46.6,47.4,192.63,5.44,672.93
86,Machine_1,2025-04-05 19:40:00,OK,48.8,46.03,216.07,8.84,2177.9
87,Machine_1,2025-04-05 19:44:00,OK,33.75,32.78,235.44,7.6,1700.16
88,Machine_1,2025-04-05 19:48:00,OK,58.14,33.12,227.25,7.1,824.2
89,Machine_1,2025-04-05 19:52:00,OK,44.39,33.37,222.3,9.11,1665.77
90,Machine_1,2025-04-05 19:56:00,Not OK,89.71,31.59,224.71,9.19,3851.52
91,Machine_1,2025-04-05 20:00:00,OK,49.39,37.69,219.22,7.36,2445.12
92,Machine_1,2025-04-05 20:04:00,OK,52.15,49.34,229.19,8.87,1215.19
93,Machine_1,2025-04-05 20:08:00,OK,36.43,47.96,238.82,8.68,2138.2
94,Machine_1,2025-04-05 20:12:00,OK,22.48,43.02,211.09,5.73,1264.26
95,Machine_1,2025-04-05 20:16:00,OK,42.58,31.6,214.65,5.81,2244.32
96,Machine_1,2025-04-05 20:20:00,OK,37.47,57.28,210.52,7.77,2363.95
97,Machine_1,2025-04-05 20:24:00,Not OK,40.6,80.33,199.34,5.61,3835.87
98,Machine_1,2025-04-05 20:28:00,OK,32.81,40.27,219.63,6.62,850.19
99,Machine_1,2025-04-05 20:32:00,OK,35.24,44.31,226.55,6.98,571.08
100,Machine_1,2025-04-05 20:36:00,OK,49.9,37.92,236.76,7.52,1282.4
101,Machine_1,2025-04-05 20:40:00,OK,38.57,35.71,230.44,5.85,1189.17
102,Machine_1,2025-04-05 20:44:00,OK,20.78,30.35,239.74,8.27,953.74
103,Machine_1,2025-04-05 20:48:00,OK,35.17,34.77,239.69,6.6,1077.78
104,Machine_1,2025-04-05 20:52:00,OK,47.19,59.66,213.17,8.11,2200.12
105,Machine_1,2025-04-05 20:56:00,Not OK,76.83,43.47,218.45,18.58,4300.56
106,Machine_1,2025-04-05 21:00:00,OK,23.03,56.67,221.14,5.2,723.04
107,Machine_1,2025-04-05 21:04:00,Not OK,74.0,45.73,235.66,17.28,3901.23
108,Machine_1,2025-04-05 21:08:00,OK,47.65,50.93,215.98,5.08,1131.62
109,Machine_1,2025-04-05 21:12:00,OK,45.79,38.42,226.82,9.21,2440.65
110,Machine_1,2025-04-05 21:16:00,OK,34.4,35.71,218.27,7.19,2403.67
111,Machine_1,2025-04-05 21:20:00,OK,34.02,45.95,234.27,8.59,1348.31
112,Machine_1,2025-04-05 21:24:00,OK,44.59,38.22,227.88,5.46,737.04
113,Machine_1,2025-04-05 21:28:00,OK,49.82,32.56,213.56,6.22,1957.44
114,Machine_1,2025-04-05 21:32:00,OK,44.82,45.71,238.68,8.9,1943.01
115,Machine_1,2025-04-05 21:36:00,OK,36.4,55.65,217.69,5.79,1482.92
116,Machine_1,2025-04-05 21:40:00,OK,38.83,31.02,213.57,9.68,1803.94
117,Machine_1,2025-04-05 21:44:00,OK,54.06,52.01,225.84,9.32,1028.24
118,Machine_1,2025-04-05 21:48:00,Not OK,86.61,55.83,230.63,16.27,3899.64
119,Machine_1,2025-04-05 21:52:00,OK,23.24,51.54,236.19,7.04,594.98
120,Machine_1,2025-04-05 21:56:00,OK,52.48,39.62,224.26,5.95,1683.97
121,Machine_1,2025-04-05 22:00:00,OK,28.87,45.48,217.17,7.09,1747.0
122,Machine_1,2025-04-05 22:04:00,OK,50.09,52.65,236.03,8.94,607.02
123,Machine_1,2025-04-05 22:08:00,OK,51.95,38.23,226.32,8.62,2445.29
124,Machine_1,2025-04-05 22:12:00,Not OK,52.75,43.38,191.66,7.23,770.38
125,Machine_1,2025-04-05 22:16:00,OK,46.06,31.17,233.56,8.12,1177.85
126,Machine_1,2025-04-05 22:20:00,OK,38.29,57.04,211.01,9.54,1418.24
127,Machine_1,2025-04-05 22:24:00,Not OK,59.1,57.64,193.58,9.05,502.69
128,Machine_1,2025-04-05 22:28:00,OK,22.31,44.26,231.35,7.64,904.87
129,Machine_1,2025-04-05 22:32:00,Not OK,21.17,81.07,194.8,6.52,4158.43
130,Machine_1,2025-04-05 22:36:00,Not OK,27.06,41.35,190.75,7.52,681.55
131,Machine_1,2025-04-05 22:40:00,OK,22.89,49.15,230.83,5.83,2312.78
132,Machine_1,2025-04-05 22:44:00,OK,40.91,34.85,216.76,9.68,1863.12
133,Machine_1,2025-04-05 22:48:00,Not OK,46.55,52.26,190.32,5.34,738.4
134,Machine_1,2025-04-05 22:52:00,OK,25.13,51.62,231.12,9.71,1363.76
135,Machine_1,2025-04-05 22:56:00,OK,27.68,54.01,220.19,6.54,1965.71
136,Machine_1,2025-04-05 23:00:00,OK,20.3,40.02,214.1,5.41,2441.32
137,Machine_1,2025-04-05 23:04:00,OK,52.85,53.34,231.32,7.29,2170.9
138,Machine_1,2025-04-05 23:08:00,OK,37.05,45.62,234.22,9.71,2293.31
139,Machine_1,2025-04-05 23:12:00,OK,43.42,43.18,233.44,5.18,612.91
140,Machine_1,2025-04-05 23:16:00,OK,52.86,54.98,224.91,6.09,2039.15
141,Machine_1,2025-04-05 23:20:00,OK,32.44,39.61,218.01,5.95,1004.79
142,Machine_1,2025-04-05 23:24:00,Not OK,73.08,32.4,224.68,18.77,4073.0
143,Machine_1,2025-04-05 23:28:00,OK,37.76,44.22,238.32,7.15,2463.0
144,Machine_1,2025-04-05 23:32:00,Not OK,66.55,53.32,239.35,18.02,3638.62
145,Machine_1,2025-04-05 23:36:00,Not OK,68.74,31.55,233.0,17.63,3927.63
146,Machine_1,2025-04-05 23:40:00,OK,48.78,34.61,239.29,5.71,2405.73
147,Machine_1,2025-04-05 23:44:00,OK,32.1,45.25,224.76,7.75,1151.16
148,Machine_1,2025-04-05 23:48:00,OK,48.96,40.24,222.12,5.97,2032.73
149,Machine_1,2025-04-05 23:52:00,Not OK,63.95,57.89,211.16,18.49,4402.1
150,Machine_1,2025-04-05 23:56:00,OK,25.01,47.3,232.63,9.21,2384.95
151,Machine_1,2025-04-06 00:00:00,OK,40.16,54.95,217.45,7.6,2488.82
152,Machine_1,2025-04-06 00:04:00,OK,39.4,50.22,224.97,9.96,818.74
153,Machine_1,2025-04-06 00:08:00,OK,29.15,31.74,235.75,9.5,1757.58
154,Machine_1,2025-04-06 00:12:00,OK,44.02,42.62,238.06,6.21,772.67
155,Machine_1,2025-04-06 00:16:00,OK,31.53,57.03,222.67,6.54,616.18
156,Machine_1,2025-04-06 00:20:00,OK,35.95,54.3,230.8,9.18,849.74
157,Machine_1,2025-04-06 00:24:00,OK,31.63,55.27,215.18,9.77,1526.71
158,Machine_1,2025-04-06 00:28:00,OK,33.05,36.26,220.8,7.04,2492.32
159,Machine_1,2025-04-06 00:32:00,OK,44.44,58.46,239.22,9.04,976.33
160,Machine_1,2025-04-06 00:36:00,OK,43.45,51.0,238.75,6.97,1726.17
161,Machine_1,2025-04-06 00:40:00,OK,42.18,37.75,210.83,8.95,690.03
162,Machine_1,2025-04-06 00:44:00,OK,54.23,49.78,231.14,6.71,2154.14
163,Machine_1,2025-04-06 00:48:00,OK,20.83,32.89,219.1,9.29,1315.27
164,Machine_1,2025-04-06 00:52:00,Not OK,75.65,43.07,220.53,8.97,4965.24
165,Machine_1,2025-04-06 00:56:00,OK,44.99,50.13,235.82,5.53,1647.59
166,Machine_1,2025-04-06 01:00:00,Not OK,80.86,35.63,214.34,17.0,4088.29
167,Machine_1,2025-04-06 01:04:00,OK,43.33,45.66,226.44,9.97,785.67
168,Machine_1,2025-04-06 01:08:00,OK,56.32,59.47,239.06,7.8,2021.83
169,Machine_1,2025-04-06 01:12:00,Not OK,77.56,50.0,224.98,19.8,4456.85
170,Machine_1,2025-04-06 01:16:00,OK,45.08,37.41,226.97,6.58,1891.66
171,Machine_1,2025-04-06 01:20:00,OK,58.21,47.38,226.83,9.9,950.46
172,Machine_1,2025-04-06 01:24:00,OK,22.6,48.62,229.49,9.64,849.99
173,Machine_1,2025-04-06 01:28:00,OK,32.41,34.28,216.19,9.97,584.86
174,Machine_1,2025-04-06 01:32:00,OK,25.06,56.23,230.4,5.31,2113.42
175,Machine_1,2025-04-06 01:36:00,Not OK,89.97,52.21,231.04,16.82,4033.33
176,Machine_1,2025-04-06 01:40:00,OK,51.48,45.77,236.95,8.54,1813.27
177,Machine_1,2025-04-06 01:44:00,Not OK,53.17,89.16,199.29,6.16,3942.67
178,Machine_1,2025-04-06 01:48:00,OK,52.67,59.56,237.01,8.93,1111.41
179,Machine_1,2025-04-06 01:52:00,OK,26.06,50.91,217.05,5.36,1906.52
180,Machine_1,2025-04-06 01:56:00,OK,35.69,49.33,223.09,6.63,896.49
181,Machine_1,2025-04-06 02:00:00,OK,41.21,47.35,227.02,8.6,2135.09
182,Machine_1,2025-04-06 02:04:00,OK,31.37,35.37,234.33,7.64,501.51
183,Machine_1,2025-04-06 02:08:00,OK,54.93,30.33,234.09,6.36,2306.82
184,Machine_1,2025-04-06 02:12:00,OK,47.05,45.07,213.93,5.63,2287.23
185,Machine_1,2025-04-06 02:16:00,OK,28.13,38.61,217.1,7.37,1680.05
186,Machine_1,2025-04-06 02:20:00,OK,29.18,49.87,216.66,7.91,1016.9
187,Machine_1,2025-04-06 02:24:00,OK,58.11,54.07,233.52,6.95,2045.57
188,Machine_1,2025-04-06 02:28:00,OK,29.46,57.25,216.76,7.87,2385.98
189,Machine_1,2025-04-06 02:32:00,OK,37.1,48.2,222.83,5.4,967.42
190,Machine_1,2025-04-06 02:36:00,OK,55.85,56.23,227.46,6.78,2082.23
191,Machine_1,2025-04-06 02:40:00,Not OK,31.87,40.86,195.3,5.87,759.02
192,Machine_1,2025-04-06 02:44:00,OK,27.5,52.18,212.96,9.94,838.38
193,Machine_1,2025-04-06 02:48:00,Not OK,67.72,34.59,238.34,19.88,4176.03
194,Machine_1,2025-04-06 02:52:00,OK,35.06,30.56,232.11,9.3,2370.53
195,Machine_1,2025-04-06 02:56:00,OK,53.2,36.57,238.94,9.32,2450.05
196,Machine_1,2025-04-06 03:00:00,OK,31.55,51.4,222.89,9.97,879.36
197,Machine_1,2025-04-06 03:04:00,OK,58.33,46.17,233.83,7.47,634.51
198,Machine_1,2025-04-06 03:08:00,OK,49.32,51.21,226.06,5.69,542.77
199,Machine_1,2025-04-06 03:12:00,OK,35.81,52.03,213.52,9.59,1443.91
200,Machine_1,2025-04-06 03:16:00,Not OK,85.43,55.49,236.35,17.74,4085.21
201,Machine_1,2025-04-06 03:20:00,OK,49.37,42.61,231.54,5.67,2121.72
202,Machine_1,2025-04-06 03:24:00,Not OK,20.56,82.68,196.8,8.71,4241.65
203,Machine_1,2025-04-06 03:28:00,OK,58.47,46.68,225.93,8.04,892.91
204,Machine_1,2025-04-06 03:32:00,OK,25.63,42.5,224.19,6.65,1717.77
205,Machine_1,2025-04-06 03:36:00,Not OK,41.22,80.44,198.71,6.16,3986.53
206,Machine_1,2025-04-06 03:40:00,OK,20.57,42.12,217.27,6.48,963.04
207,Machine_1,2025-04-06 03:44:00,OK,42.05,48.82,210.7,8.63,799.26
208,Machine_1,2025-04-06 03:48:00,OK,55.2,40.63,212.1,6.25,1863.05
209,Machine_1,2025-04-06 03:52:00,Not OK,26.39,82.57,194.94,9.07,4393.95
210,Machine_1,2025-04-06 03:56:00,OK,25.02,47.42,229.35,6.94,2319.94
211,Machine_1,2025-04-06 04:00:00,Not OK,61.22,46.67,231.63,19.16,4267.56
212,Machine_1,2025-04-06 04:04:00,OK,48.09,55.29,225.24,9.89,1423.05
213,Machine_1,2025-04-06 04:08:00,Not OK,83.49,52.25,234.48,7.56,4070.67
214,Machine_1,2025-04-06 04:12:00,OK,50.6,37.55,212.93,5.1,1788.05
215,Machine_1,2025-04-06 04:16:00,Not OK,72.85,47.81,218.41,18.26,4350.98
216,Machine_1,2025-04-06 04:20:00,OK,40.37,44.26,222.01,7.37,691.94
217,Machine_1,2025-04-06 04:24:00,OK,30.25,45.83,237.84,5.75,984.44
218,Machine_1,2025-04-06 04:28:00,OK,21.67,49.04,221.99,6.92,1947.14
219,Machine_1,2025-04-06 04:32:00,OK,40.03,50.26,221.09,9.66,1638.44
220,Machine_1,2025-04-06 04:36:00,OK,34.91,34.59,212.84,5.57,1091.77
221,Machine_1,2025-04-06 04:40:00,OK,47.34,39.9,211.26,6.29,1355.81
222,Machine_1,2025-04-06 04:44:00,OK,47.43,45.95,239.97,7.73,1598.47
223,Machine_1,2025-04-06 04:48:00,OK,33.18,35.76,219.11,9.63,613.38
224,Machine_1,2025-04-06 04:52:00,OK,59.36,41.26,210.58,7.54,1518.84
225,Machine_1,2025-04-06 04:56:00,OK,30.24,50.02,237.53,9.02,2225.72
226,Machine_1,2025-04-06 05:00:00,OK,41.18,53.46,212.07,5.21,617.06
227,Machine_1,2025-04-06 05:04:00,Not OK,41.23,43.95,190.22,9.88,512.76
228,Machine_1,2025-04-06 05:08:00,OK,48.74,59.48,231.45,5.07,1975.78
229,Machine_1,2025-04-06 05:12:00,OK,34.0,40.23,230.69,6.15,967.77
230,Machine_1,2025-04-06 05:16:00,OK,39.23,46.37,213.89,8.17,1055.39
231,Machine_1,2025-04-06 05:20:00,OK,40.56,33.29,216.13,9.96,2133.78
232,Machine_1,2025-04-06 05:24:00,OK,59.59,40.13,221.39,6.95,994.98
233,Machine_1,2025-04-06 05:28:00,OK,52.35,43.75,228.34,5.59,1285.48
234,Machine_1,2025-04-06 05:32:00,OK,22.79,47.94,219.18,7.99,1431.48
235,Machine_1,2025-04-06 05:36:00,OK,46.91,30.48,223.57,9.34,904.68
236,Machine_1,2025-04-06 05:40:00,Not OK,55.42,83.66,199.95,5.34,3967.71
237,Machine_1,2025-04-06 05:44:00,OK,45.79,48.21,238.33,8.94,1669.07
238,Machine_1,2025-04-06 05:48:00,OK,27.65,41.6,218.28,8.31,1847.69
239,Machine_1,2025-04-06 05:52:00,OK,40.23,45.0,227.96,6.16,1743.82
240,Machine_1,2025-04-06 05:56:00,OK,28.94,32.32,234.59,6.85,1484.23
241,Machine_1,2025-04-06 06:00:00,OK,57.14,32.56,232.25,6.55,918.12
242,Machine_1,2025-04-06 06:04:00,Not OK,88.7,44.53,218.47,18.64,3858.14
243,Machine_1,2025-04-06 06:08:00,Not OK,64.64,42.38,220.87,18.39,4433.04
244,Machine_1,2025-04-06 06:12:00,OK,34.09,45.74,233.3,8.51,686.34
245,Machine_1,2025-04-06 06:16:00,Not OK,82.65,45.51,211.85,8.42,3891.02
246,Machine_1,2025-04-06 06:20:00,OK,32.56,43.04,234.81,7.32,1547.07
247,Machine_1,2025-04-06 06:24:00,OK,58.2,44.42,217.02,7.23,501.0
248,Machine_1,2025-04-06 06:28:00,Not OK,64.55,38.23,228.28,16.27,4034.27
249,Machine_1,2025-04-06 06:32:00,Not OK,86.04,44.53,220.15,16.22,3958.05
250,Machine_1,2025-04-06 06:36:00,OK,51.48,54.1,233.88,6.29,1868.54
251,Machine_1,2025-04-06 06:40:00,OK,31.0,48.59,218.47,8.84,2320.08
252,Machine_1,2025-04-06 06:44:00,OK,31.85,43.76,222.09,8.83,2331.47
253,Machine_1,2025-04-06 06:48:00,OK,47.73,55.01,229.69,8.91,1869.66
254,Machine_1,2025-04-06 06:52:00,OK,26.81,39.89,219.49,5.0,2032.74
255,Machine_1,2025-04-06 06:56:00,OK,25.55,46.85,214.69,6.87,2034.6
256,Machine_1,2025-04-06 07:00:00,OK,26.32,30.75,228.25,9.05,528.88
257,Machine_1,2025-04-06 07:04:00,Not OK,81.23,56.43,213.33,18.83,4121.25
258,Machine_1,2025-04-06 07:08:00,Not OK,59.7,39.05,191.56,5.98,682.3
259,Machine_1,2025-04-06 07:12:00,OK,58.2,43.95,216.59,7.03,2124.59
260,Machine_1,2025-04-06 07:16:00,Not OK,78.1,31.92,217.69,18.8,4376.77
261,Machine_1,2025-04-06 07:20:00,OK,22.69,50.03,238.45,5.41,1256.17
262,Machine_1,2025-04-06 07:24:00,OK,30.66,53.64,229.16,8.04,543.28
263,Machine_1,2025-04-06 07:28:00,Not OK,48.47,32.63,199.56,7.03,824.09
264,Machine_1,2025-04-06 07:32:00,Not OK,71.32,50.31,216.01,16.17,4481.55
265,Machine_1,2025-04-06 07:36:00,OK,57.42,50.4,231.37,5.58,1349.37
266,Machine_1,2025-04-06 07:40:00,Not OK,38.93,57.8,195.76,6.56,652.69
267,Machine_1,2025-04-06 07:44:00,OK,46.71,58.7,220.03,6.75,727.06
268,Machine_1,2025-04-06 07:48:00,OK,20.76,33.51,210.29,7.27,1207.16
269,Machine_1,2025-04-06 07:52:00,OK,49.64,36.08,221.18,7.77,1799.83
270,Machine_1,2025-04-06 07:56:00,OK,24.55,32.0,210.47,9.38,661.65
271,Machine_1,2025-04-06 08:00:00,Not OK,73.51,35.53,230.14,7.38,4137.93
272,Machine_1,2025-04-06 08:04:00,OK,38.81,46.56,212.9,9.89,709.65
273,Machine_1,2025-04-06 08:08:00,OK,38.26,51.42,228.17,8.92,1652.04
274,Machine_1,2025-04-06 08:12:00,Not OK,82.07,31.49,222.93,16.28,4022.86
275,Machine_1,2025-04-06 08:16:00,OK,55.91,39.81,217.43,9.09,1972.53
276,Machine_1,2025-04-06 08:20:00,OK,28.09,30.72,212.0,6.55,1935.54
277,Machine_1,2025-04-06 08:24:00,OK,25.41,35.66,211.68,8.17,675.24
278,Machine_1,2025-04-06 08:28:00,OK,59.52,45.01,220.64,5.14,504.65
279,Machine_1,2025-04-06 08:32:00,OK,58.09,40.74,233.09,9.74,1949.25
280,Machine_1,2025-04-06 08:36:00,OK,20.74,54.82,224.04,9.49,1934.14
281,Machine_1,2025-04-06 08:40:00,OK,59.93,46.07,238.34,9.84,1731.38
282,Machine_1,2025-04-06 08:44:00,OK,56.19,34.87,233.85,6.45,1580.71
283,Machine_1,2025-04-06 08:48:00,OK,21.59,37.37,218.93,5.35,1634.8
284,Machine_1,2025-04-06 08:52:00,OK,39.11,43.55,211.17,9.96,633.92
285,Machine_1,2025-04-06 08:56:00,Not OK,44.12,81.79,198.7,6.9,4078.7
286,Machine_1,2025-04-06 09:00:00,OK,39.44,33.29,218.35,8.17,1397.66
287,Machine_1,2025-04-06 09:04:00,OK,43.11,31.52,223.08,9.99,941.31
288,Machine_1,2025-04-06 09:08:00,OK,36.35,30.48,239.33,7.31,646.85
289,Machine_1,2025-04-06 09:12:00,OK,21.29,35.04,231.94,9.82,2081.05
290,Machine_1,2025-04-06 09:16:00,Not OK,86.61,39.07,226.61,9.42,4975.49
291,Machine_1,2025-04-06 09:20:00,Not OK,88.08,42.63,221.06,17.57,4231.43
292,Machine_1,2025-04-06 09:24:00,OK,53.64,51.09,214.86,9.97,1460.64
293,Machine_1,2025-04-06 09:28:00,OK,23.39,31.54,230.87,6.56,1036.48
294,Machine_1,2025-04-06 09:32:00,OK,25.25,55.71,233.49,7.99,2260.71
295,Machine_1,2025-04-06 09:36:00,Not OK,73.82,31.54,221.08,17.82,3691.03
296,Machine_1,2025-04-06 09:40:00,Not OK,80.47,41.24,231.3,8.38,4391.36
297,Machine_1,2025-04-06 09:44:00,OK,36.32,50.38,220.01,5.95,1846.66
298,Machine_1,2025-04-06 09:48:00,OK,21.73,58.67,221.86,9.35,1319.91
299,Machine_1,2025-04-06 09:52:00,OK,22.93,37.97,234.11,5.3,2479.15
300,Machine_1,2025-04-06 09:56:00,OK,21.23,37.56,239.06,9.45,694.56
301,Machine_1,2025-04-06 10:00:00,OK,42.23,45.03,213.78,8.32,2054.73
302,Machine_1,2025-04-06 10:04:00,OK,57.01,35.32,238.08,9.88,666.31
303,Machine_1,2025-04-06 10:08:00,Not OK,86.72,56.66,232.28,18.48,4334.26
304,Machine_1,2025-04-06 10:12:00,OK,28.38,55.7,221.76,6.72,1188.22
305,Machine_1,2025-04-06 10:16:00,OK,55.97,44.0,214.53,8.13,1928.82
306,Machine_1,2025-04-06 10:20:00,OK,54.64,32.28,218.5,8.04,1975.25
307,Machine_1,2025-04-06 10:24:00,OK,48.34,41.64,211.97,7.63,2335.18
308,Machine_1,2025-04-06 10:28:00,Not OK,64.94,52.16,233.91,19.9,3719.57
309,Machine_1,2025-04-06 10:32:00,Not OK,71.26,53.48,232.18,18.41,4479.5
310,Machine_1,2025-04-06 10:36:00,OK,27.01,59.16,216.87,9.87,2144.04
311,Machine_1,2025-04-06 10:40:00,OK,50.77,43.35,220.79,9.83,2298.19
312,Machine_1,2025-04-06 10:44:00,OK,29.5,43.48,213.74,9.7,646.19
313,Machine_1,2025-04-06 10:48:00,OK,28.78,32.35,221.72,9.65,1330.61
314,Machine_1,2025-04-06 10:52:00,OK,39.11,35.35,228.98,5.35,1949.06
315,Machine_1,2025-04-06 10:56:00,OK,30.17,38.09,239.21,9.26,1837.07
316,Machine_1,2025-04-06 11:00:00,OK,53.07,54.79,226.0,9.34,1999.44
317,Machine_1,2025-04-06 11:04:00,Not OK,86.53,56.69,217.9,19.0,4448.0
318,Machine_1,2025-04-06 11:08:00,Not OK,35.25,54.13,192.12,9.48,646.1
319,Machine_1,2025-04-06 11:12:00,OK,26.73,48.98,224.43,7.27,2103.51
320,Machine_1,2025-04-06 11:16:00,OK,54.47,53.04,215.93,5.36,647.62
321,Machine_1,2025-04-06 11:20:00,OK,36.89,43.94,239.48,6.48,1712.06
322,Machine_1,2025-04-06 11:24:00,OK,49.62,50.65,217.74,5.2,2451.27
323,Machine_1,2025-04-06 11:28:00,OK,35.32,32.66,237.89,8.76,800.07
324,Machine_1,2025-04-06 11:32:00,OK,44.79,54.33,213.6,7.72,2375.89
325,Machine_1,2025-04-06 11:36:00,OK,20.19,49.7,217.93,5.63,1699.6
326,Machine_1,2025-04-06 11:40:00,Not OK,31.83,83.09,192.34,6.33,3688.4
327,Machine_1,2025-04-06 11:44:00,OK,30.22,58.33,221.71,7.71,1886.09
328,Machine_1,2025-04-06 11:48:00,OK,32.52,56.7,228.61,8.63,2168.3
329,Machine_1,2025-04-06 11:52:00,OK,58.37,44.15,219.33,6.13,2214.8
330,Machine_1,2025-04-06 11:56:00,OK,37.33,47.4,212.42,5.47,1174.95
331,Machine_1,2025-04-06 12:00:00,Not OK,89.37,56.2,221.87,5.16,3919.04
332,Machine_1,2025-04-06 12:04:00,OK,32.46,35.76,212.61,9.27,868.82
333,Machine_1,2025-04-06 12:08:00,OK,37.99,40.82,229.62,9.59,1341.65
334,Machine_1,2025-04-06 12:12:00,OK,51.91,59.72,225.61,5.7,1980.63
335,Machine_1,2025-04-06 12:16:00,Not OK,28.22,55.89,196.35,7.3,875.26
336,Machine_1,2025-04-06 12:20:00,OK,30.79,38.93,210.28,8.67,2438.04
337,Machine_1,2025-04-06 12:24:00,Not OK,43.0,85.43,199.87,8.75,4378.4
338,Machine_1,2025-04-06 12:28:00,OK,38.6,42.03,215.84,9.96,1226.81
339,Machine_1,2025-04-06 12:32:00,Not OK,47.03,38.96,196.29,7.71,889.24
340,Machine_1,2025-04-06 12:36:00,OK,35.53,41.06,216.05,6.77,1500.73
341,Machine_1,2025-04-06 12:40:00,OK,36.29,47.22,228.01,6.14,1272.02
342,Machine_1,2025-04-06 12:44:00,OK,53.04,50.81,233.08,6.2,1894.25
343,Machine_1,2025-04-06 12:48:00,Not OK,83.69,30.34,228.18,18.26,4481.83
344,Machine_1,2025-04-06 12:52:00,OK,36.62,52.6,237.25,9.43,575.76
345,Machine_1,2025-04-06 12:56:00,OK,29.37,46.43,236.53,6.3,1142.54
346,Machine_1,2025-04-06 13:00:00,OK,31.33,39.45,212.24,8.76,685.63
347,Machine_1,2025-04-06 13:04:00,OK,32.93,51.23,212.32,8.78,1188.85
348,Machine_1,2025-04-06 13:08:00,Not OK,64.23,41.61,226.91,16.75,3815.04
349,Machine_1,2025-04-06 13:12:00,OK,56.0,37.55,232.89,6.22,1934.29
350,Machine_1,2025-04-06 13:16:00,OK,28.95,58.9,213.99,9.43,658.27
351,Machine_1,2025-04-06 13:20:00,OK,39.95,30.07,214.78,9.82,1668.19
352,Machine_1,2025-04-06 13:24:00,OK,33.85,43.45,226.11,7.49,1345.58
353,Machine_1,2025-04-06 13:28:00,OK,54.22,41.18,218.32,8.95,566.14
354,Machine_1,2025-04-06 13:32:00,OK,39.44,38.62,221.04,7.97,548.46
355,Machine_1,2025-04-06 13:36:00,OK,22.54,33.42,239.28,6.06,1297.66
356,Machine_1,2025-04-06 13:40:00,OK,56.2,41.2,217.3,8.24,642.83
357,Machine_1,2025-04-06 13:44:00,OK,52.95,39.1,232.84,5.26,2426.69
358,Machine_1,2025-04-06 13:48:00,OK,32.45,35.75,211.53,6.76,718.54
359,Machine_1,2025-04-06 13:52:00,OK,26.74,36.33,221.9,7.99,1702.16
360,Machine_1,2025-04-06 13:56:00,OK,27.92,43.31,223.23,6.39,998.41
361,Machine_1,2025-04-06 14:00:00,Not OK,58.55,82.85,196.19,8.03,3820.26
362,Machine_1,2025-04-06 14:04:00,Not OK,78.32,52.16,232.24,9.41,3732.14
363,Machine_1,2025-04-06 14:08:00,Not OK,62.29,38.56,227.25,19.21,4150.51
364,Machine_1,2025-04-06 14:12:00,OK,46.4,47.9,216.73,8.06,1025.29
365,Machine_1,2025-04-06 14:16:00,Not OK,60.27,59.53,238.65,17.11,3647.61
366,Machine_1,2025-04-06 14:20:00,OK,24.95,54.49,211.84,7.66,2031.89
367,Machine_1,2025-04-06 14:24:00,OK,54.51,30.78,236.17,6.39,2057.38
368,Machine_1,2025-04-06 14:28:00,OK,59.38,42.14,239.96,7.27,614.23
369,Machine_1,2025-04-06 14:32:00,OK,57.73,45.21,239.65,8.79,1850.27
370,Machine_1,2025-04-06 14:36:00,Not OK,67.94,33.76,219.91,18.0,3629.97
371,Machine_1,2025-04-06 14:40:00,OK,39.57,32.26,215.83,6.6,2268.84
372,Machine_1,2025-04-06 14:44:00,OK,28.09,46.13,229.85,9.66,2191.2
373,Machine_1,2025-04-06 14:48:00,Not OK,74.96,55.11,233.25,18.85,4139.0
374,Machine_1,2025-04-06 14:52:00,Not OK,46.09,80.48,194.3,8.09,3921.66
375,Machine_1,2025-04-06 14:56:00,OK,25.27,39.41,221.37,9.57,1125.3
376,Machine_1,2025-04-06 15:00:00,Not OK,56.9,32.14,193.7,7.74,531.46
377,Machine_1,2025-04-06 15:04:00,OK,24.76,59.07,211.68,9.84,1347.91
378,Machine_1,2025-04-06 15:08:00,Not OK,45.14,45.24,194.68,8.27,528.02
379,Machine_1,2025-04-06 15:12:00,OK,25.93,34.86,219.83,9.61,2088.59
380,Machine_1,2025-04-06 15:16:00,OK,43.69,46.76,221.28,9.99,1611.79
381,Machine_1,2025-04-06 15:20:00,OK,45.73,41.6,217.65,7.77,1278.4
382,Machine_1,2025-04-06 15:24:00,OK,27.59,47.67,211.53,7.56,2498.43
383,Machine_1,2025-04-06 15:28:00,OK,38.07,51.73,213.7,9.6,1074.09
384,Machine_1,2025-04-06 15:32:00,OK,49.29,59.93,225.04,9.56,1598.12
385,Machine_1,2025-04-06 15:36:00,OK,20.94,44.53,228.92,6.57,2177.9
386,Machine_1,2025-04-06 15:40:00,OK,23.93,54.34,213.93,8.92,1073.7
387,Machine_1,2025-04-06 15:44:00,OK,37.88,40.63,229.48,8.98,2208.9
388,Machine_1,2025-04-06 15:48:00,OK,32.31,52.17,227.69,6.76,2455.31
389,Machine_1,2025-04-06 15:52:00,Not OK,26.11,47.99,198.22,7.51,868.43
390,Machine_1,2025-04-06 15:56:00,OK,50.37,50.68,218.74,7.06,1945.51
391,Machine_1,2025-04-06 16:00:00,OK,21.25,51.84,234.92,5.02,1206.35
392,Machine_1,2025-04-06 16:04:00,OK,22.38,55.72,217.36,7.34,664.11
393,Machine_1,2025-04-06 16:08:00,OK,22.34,40.09,239.65,6.2,673.4
394,Machine_1,2025-04-06 16:12:00,OK,42.67,59.79,212.34,8.48,1618.52
395,Machine_1,2025-04-06 16:16:00,OK,23.21,40.62,219.71,8.81,2009.43
396,Machine_1,2025-04-06 16:20:00,OK,43.09,40.54,220.16,7.65,1483.35
397,Machine_1,2025-04-06 16:24:00,OK,59.68,30.15,234.58,7.58,1197.71
398,Machine_1,2025-04-06 16:28:00,OK,46.62,47.78,239.67,8.34,2112.25
399,Machine_1,2025-04-06 16:32:00,OK,38.77,49.45,215.18,9.2,2421.99
400,Machine_1,2025-04-06 16:36:00,OK,59.49,50.46,239.46,9.43,845.89
401,Machine_1,2025-04-06 16:40:00,OK,38.72,58.38,211.86,9.71,1009.36
402,Machine_1,2025-04-06 16:44:00,OK,22.91,48.41,219.05,8.0,2151.52
403,Machine_1,2025-04-06 16:48:00,Not OK,68.07,37.24,230.22,17.77,3832.0
404,Machine_1,2025-04-06 16:52:00,OK,49.87,43.09,231.88,9.27,2444.95
405,Machine_1,2025-04-06 16:56:00,OK,34.78,53.35,227.78,6.73,2384.93
406,Machine_1,2025-04-06 17:00:00,OK,32.19,35.64,212.62,8.03,2490.61
407,Machine_1,2025-04-06 17:04:00,Not OK,83.67,31.72,225.91,7.59,3964.67
408,Machine_1,2025-04-06 17:08:00,OK,55.03,50.51,221.88,8.82,1020.18
409,Machine_1,2025-04-06 17:12:00,Not OK,78.72,54.97,217.69,7.94,4914.39
410,Machine_1,2025-04-06 17:16:00,OK,23.59,46.55,227.6,6.86,1860.67
411,Machine_1,2025-04-06 17:20:00,OK,49.69,54.3,226.24,8.23,626.19
412,Machine_1,2025-04-06 17:24:00,OK,29.48,40.26,236.58,8.75,2062.62
413,Machine_1,2025-04-06 17:28:00,OK,44.03,40.71,215.04,8.45,1600.44
414,Machine_1,2025-04-06 17:32:00,OK,42.8,38.9,230.33,6.97,516.56
415,Machine_1,2025-04-06 17:36:00,Not OK,81.35,31.85,229.39,5.63,3965.71
416,Machine_1,2025-04-06 17:40:00,OK,35.31,54.82,239.68,7.96,1090.45
417,Machine_1,2025-04-06 17:44:00,OK,20.22,30.53,221.17,8.4,1565.51
418,Machine_1,2025-04-06 17:48:00,OK,29.86,54.79,227.23,5.6,2254.09
419,Machine_1,2025-04-06 17:52:00,OK,50.16,52.92,232.99,6.02,2419.76
420,Machine_1,2025-04-06 17:56:00,OK,36.91,35.68,216.3,6.8,2118.18
421,Machine_1,2025-04-06 18:00:00,OK,50.82,33.94,210.08,5.77,2411.89
422,Machine_1,2025-04-06 18:04:00,Not OK,38.62,89.86,192.47,5.06,4390.11
423,Machine_1,2025-04-06 18:08:00,Not OK,71.43,43.08,233.21,17.33,3783.76
424,Machine_1,2025-04-06 18:12:00,OK,39.74,59.73,214.63,6.43,1423.58
425,Machine_1,2025-04-06 18:16:00,OK,51.12,31.41,219.79,9.88,2333.71
426,Machine_1,2025-04-06 18:20:00,OK,59.97,51.82,225.72,9.56,887.79
427,Machine_1,2025-04-06 18:24:00,OK,22.4,51.5,232.52,8.04,856.95
428,Machine_1,2025-04-06 18:28:00,Not OK,23.05,86.98,198.06,9.15,3899.93
429,Machine_1,2025-04-06 18:32:00,OK,34.41,41.28,222.58,7.44,2484.16
430,Machine_1,2025-04-06 18:36:00,OK,22.02,47.95,223.78,8.45,2363.66
431,Machine_1,2025-04-06 18:40:00,OK,20.21,49.43,237.07,7.81,812.87
432,Machine_1,2025-04-06 18:44:00,OK,23.42,38.88,215.73,7.88,1801.47
433,Machine_1,2025-04-06 18:48:00,OK,45.17,33.16,214.5,5.13,619.15
434,Machine_1,2025-04-06 18:52:00,OK,22.15,59.35,214.36,6.99,533.67
435,Machine_1,2025-04-06 18:56:00,OK,34.64,48.51,239.59,6.75,1441.7
436,Machine_1,2025-04-06 19:00:00,OK,58.45,46.12,227.1,5.71,833.42
437,Machine_1,2025-04-06 19:04:00,OK,43.32,43.22,232.5,9.42,786.53
438,Machine_1,2025-04-06 19:08:00,OK,38.07,45.77,213.27,7.32,1081.32
439,Machine_1,2025-04-06 19:12:00,OK,41.07,37.25,211.38,6.29,1665.07
440,Machine_1,2025-04-06 19:16:00,OK,38.0,59.17,229.63,7.77,1160.75
441,Machine_1,2025-04-06 19:20:00,OK,24.54,43.72,217.5,6.77,775.0
442,Machine_1,2025-04-06 19:24:00,OK,23.52,37.37,211.28,7.22,1465.07
443,Machine_1,2025-04-06 19:28:00,OK,41.49,56.39,236.61,6.55,1224.35
444,Machine_1,2025-04-06 19:32:00,OK,27.2,49.44,236.39,7.31,624.9
445,Machine_1,2025-04-06 19:36:00,Not OK,89.19,33.36,219.15,5.15,3658.88
446,Machine_1,2025-04-06 19:40:00,OK,29.78,34.1,230.25,8.18,1347.46
447,Machine_1,2025-04-06 19:44:00,OK,51.58,59.54,224.77,7.4,1679.89
448,Machine_1,2025-04-06 19:48:00,Not OK,45.64,46.62,199.56,6.83,516.25
449,Machine_1,2025-04-06 19:52:00,OK,30.31,37.83,219.57,9.41,1747.71
450,Machine_1,2025-04-06 19:56:00,Not OK,23.95,35.45,194.74,9.25,574.06
451,Machine_1,2025-04-06 20:00:00,Not OK,22.3,33.91,199.9,6.3,557.52
452,Machine_1,2025-04-06 20:04:00,OK,47.65,38.56,223.43,8.04,1119.68
453,Machine_1,2025-04-06 20:08:00,Not OK,71.06,48.1,234.41,18.0,4153.96
454,Machine_1,2025-04-06 20:12:00,OK,51.55,31.38,223.0,9.65,1824.39
455,Machine_1,2025-04-06 20:16:00,OK,22.67,41.69,235.49,5.7,2496.93
456,Machine_1,2025-04-06 20:20:00,OK,59.81,36.97,212.23,6.95,728.86
457,Machine_1,2025-04-06 20:24:00,OK,24.02,35.07,212.25,9.21,1633.65
458,Machine_1,2025-04-06 20:28:00,OK,45.98,35.79,216.41,5.45,1775.69
459,Machine_1,2025-04-06 20:32:00,Not OK,61.74,55.92,231.4,18.69,4414.82
460,Machine_1,2025-04-06 20:36:00,Not OK,51.17,80.14,193.96,7.8,3858.71
461,Machine_1,2025-04-06 20:40:00,OK,42.56,49.01,234.72,5.06,1057.58
462,Machine_1,2025-04-06 20:44:00,OK,29.63,43.89,213.16,8.58,1688.25
463,Machine_1,2025-04-06 20:48:00,Not OK,39.52,83.59,192.42,6.25,4358.6
464,Machine_1,2025-04-06 20:52:00,OK,22.82,36.25,216.61,5.61,586.32
465,Machine_1,2025-04-06 20:56:00,OK,39.87,57.29,216.26,6.67,1764.63
466,Machine_1,2025-04-06 21:00:00,OK,57.98,54.39,212.9,9.68,979.33
467,Machine_1,2025-04-06 21:04:00,OK,58.13,32.62,235.62,5.77,1288.1
468,Machine_1,2025-04-06 21:08:00,OK,39.66,54.45,228.31,7.62,1559.23
469,Machine_1,2025-04-06 21:12:00,Not OK,27.55,86.23,193.49,6.53,4060.36
470,Machine_1,2025-04-06 21:16:00,OK,38.86,52.16,237.16,5.84,1930.12
471,Machine_1,2025-04-06 21:20:00,OK,42.12,40.57,216.33,9.42,1136.39
472,Machine_1,2025-04-06 21:24:00,OK,47.44,47.6,221.54,7.41,1665.13
473,Machine_1,2025-04-06 21:28:00,OK,43.28,36.23,225.95,6.58,632.74
474,Machine_1,2025-04-06 21:32:00,OK,22.55,31.34,220.33,7.04,1091.05
475,Machine_1,2025-04-06 21:36:00,OK,22.96,35.89,233.06,9.44,1198.12
476,Machine_1,2025-04-06 21:40:00,Not OK,72.22,41.64,224.73,7.27,4139.35
477,Machine_1,2025-04-06 21:44:00,Not OK,56.41,80.96,190.02,9.83,3658.05
478,Machine_1,2025-04-06 21:48:00,OK,48.35,31.9,237.44,5.49,2372.49
479,Machine_1,2025-04-06 21:52:00,Not OK,85.2,57.03,234.64,7.84,4073.95
480,Machine_1,2025-04-06 21:56:00,Not OK,29.73,53.06,192.35,7.85,552.63
481,Machine_1,2025-04-06 22:00:00,OK,41.77,54.24,215.56,7.74,2230.73
482,Machine_1,2025-04-06 22:04:00,OK,52.38,40.75,221.83,8.45,1220.64
483,Machine_1,2025-04-06 22:08:00,OK,40.44,47.68,215.2,7.16,1790.47
484,Machine_1,2025-04-06 22:12:00,OK,41.39,51.04,214.08,8.31,851.43
485,Machine_1,2025-04-06 22:16:00,Not OK,83.77,35.56,231.36,17.13,4291.32
486,Machine_1,2025-04-06 22:20:00,Not OK,29.44,80.27,190.73,9.12,3766.0
487,Machine_1,2025-04-06 22:24:00,OK,35.74,46.11,219.84,7.15,1525.31
488,Machine_1,2025-04-06 22:28:00,OK,22.1,42.82,218.39,6.21,2001.31
489,Machine_1,2025-04-06 22:32:00,OK,41.21,52.04,212.66,6.17,2475.39
490,Machine_1,2025-04-06 22:36:00,OK,25.17,58.22,212.24,7.69,2154.97
491,Machine_1,2025-04-06 22:40:00,OK,46.17,47.64,216.58,6.32,2289.41
492,Machine_1,2025-04-06 22:44:00,OK,21.9,31.75,224.53,8.96,2297.95
493,Machine_1,2025-04-06 22:48:00,OK,56.57,50.83,212.03,8.88,854.05
494,Machine_1,2025-04-06 22:52:00,Not OK,84.76,54.51,239.02,6.38,3764.81
495,Machine_1,2025-04-06 22:56:00,OK,20.16,50.68,210.08,8.12,1627.0
496,Machine_1,2025-04-06 23:00:00,OK,39.07,46.17,218.71,5.22,1715.39
497,Machine_1,2025-04-06 23:04:00,OK,22.76,56.15,229.61,8.38,665.0
498,Machine_1,2025-04-06 23:08:00,Not OK,77.3,44.4,219.6,8.12,4556.38
499,Machine_1,2025-04-06 23:12:00,Not OK,66.45,55.75,217.11,19.69,3842.6
500,Machine_1,2025-04-06 23:16:00,OK,46.43,45.1,225.79,8.28,1052.22
501,Machine_1,2025-04-06 23:20:00,OK,28.62,34.91,224.07,9.47,2413.03
502,Machine_1,2025-04-06 23:24:00,OK,41.92,59.55,223.71,6.66,2321.59
503,Machine_1,2025-04-06 23:28:00,OK,58.77,49.87,229.78,6.85,1772.76
504,Machine_1,2025-04-06 23:32:00,OK,59.93,40.15,227.01,7.59,633.17
505,Machine_1,2025-04-06 23:36:00,Not OK,80.67,53.11,221.49,9.9,4790.67
506,Machine_1,2025-04-06 23:40:00,Not OK,71.16,37.03,211.85,5.14,4089.25
507,Machine_1,2025-04-06 23:44:00,OK,59.06,45.36,214.77,7.88,2499.23
508,Machine_1,2025-04-06 23:48:00,OK,59.13,35.46,212.26,5.09,1540.75
509,Machine_1,2025-04-06 23:52:00,Not OK,65.55,56.74,211.25,17.8,3667.29
510,Machine_1,2025-04-06 23:56:00,Not OK,40.24,87.42,191.0,6.48,4056.34
511,Machine_1,2025-04-07 00:00:00,OK,56.81,40.01,230.11,6.78,2468.42
512,Machine_1,2025-04-07 00:04:00,OK,59.91,54.95,211.87,9.22,1065.63
513,Machine_1,2025-04-07 00:08:00,OK,38.68,44.67,221.13,5.0,575.49
514,Machine_1,2025-04-07 00:12:00,OK,41.25,38.61,221.98,7.59,1949.98
515,Machine_1,2025-04-07 00:16:00,OK,53.6,33.68,226.27,7.36,1236.86
516,Machine_1,2025-04-07 00:20:00,Not OK,46.18,82.98,198.06,7.63,3886.37
517,Machine_1,2025-04-07 00:24:00,OK,25.52,57.97,237.46,9.51,1394.63
518,Machine_1,2025-04-07 00:28:00,Not OK,71.0,50.24,222.34,9.94,4266.67
519,Machine_1,2025-04-07 00:32:00,OK,36.82,48.6,233.47,5.47,2138.42
520,Machine_1,2025-04-07 00:36:00,OK,53.16,33.02,237.1,6.18,1607.59
521,Machine_1,2025-04-07 00:40:00,OK,29.11,58.95,210.2,5.07,895.19
522,Machine_1,2025-04-07 00:44:00,Not OK,76.35,52.25,238.91,8.96,3807.61
523,Machine_1,2025-04-07 00:48:00,OK,50.46,56.18,226.11,8.8,755.5
524,Machine_1,2025-04-07 00:52:00,OK,38.39,53.86,223.94,5.22,916.01
525,Machine_1,2025-04-07 00:56:00,OK,20.91,55.08,221.67,9.78,545.72
526,Machine_1,2025-04-07 01:00:00,OK,23.29,40.9,235.44,7.57,1191.86
527,Machine_1,2025-04-07 01:04:00,Not OK,31.21,88.97,193.9,9.99,4435.29
528,Machine_1,2025-04-07 01:08:00,Not OK,61.8,33.25,227.59,18.42,4438.02
529,Machine_1,2025-04-07 01:12:00,OK,41.43,50.43,238.23,9.43,1431.79
530,Machine_1,2025-04-07 01:16:00,OK,22.13,34.24,236.82,7.02,1547.36
531,Machine_1,2025-04-07 01:20:00,OK,34.13,35.93,228.12,9.71,2084.06
532,Machine_1,2025-04-07 01:24:00,OK,32.78,35.0,220.97,6.0,2211.18
533,Machine_1,2025-04-07 01:28:00,OK,55.12,55.47,216.94,9.23,1730.18
534,Machine_1,2025-04-07 01:32:00,OK,32.63,30.25,219.44,5.99,1476.29
535,Machine_1,2025-04-07 01:36:00,OK,27.79,35.58,230.9,8.07,1419.8
536,Machine_1,2025-04-07 01:40:00,OK,58.03,55.56,224.4,6.25,2474.42
537,Machine_1,2025-04-07 01:44:00,Not OK,38.15,33.48,198.02,5.52,693.28
538,Machine_1,2025-04-07 01:48:00,OK,41.19,31.16,219.54,8.17,1176.24
539,Machine_1,2025-04-07 01:52:00,OK,54.01,51.21,217.61,8.29,1790.29
540,Machine_1,2025-04-07 01:56:00,OK,28.39,54.81,210.1,9.78,1392.1
541,Machine_1,2025-04-07 02:00:00,OK,55.69,59.89,220.49,7.68,2087.41
542,Machine_1,2025-04-07 02:04:00,Not OK,49.49,44.54,197.17,9.32,816.58
543,Machine_1,2025-04-07 02:08:00,Not OK,82.36,49.95,217.71,16.45,3714.21
544,Machine_1,2025-04-07 02:12:00,Not OK,73.15,42.36,227.35,18.81,3696.79
545,Machine_1,2025-04-07 02:16:00,OK,40.53,43.21,218.85,8.3,1068.77
546,Machine_1,2025-04-07 02:20:00,OK,21.76,34.46,214.04,5.98,1035.92
547,Machine_1,2025-04-07 02:24:00,Not OK,27.93,82.37,194.19,5.3,4336.06
548,Machine_1,2025-04-07 02:28:00,OK,48.34,47.83,239.85,8.64,1202.44
549,Machine_1,2025-04-07 02:32:00,Not OK,61.73,32.44,218.86,18.56,3952.26
550,Machine_1,2025-04-07 02:36:00,OK,25.08,48.17,219.21,7.48,590.93
551,Machine_1,2025-04-07 02:40:00,Not OK,78.58,54.78,236.33,16.3,3873.15
552,Machine_1,2025-04-07 02:44:00,OK,39.26,37.89,210.89,6.67,661.11
553,Machine_1,2025-04-07 02:48:00,OK,31.65,55.09,239.14,6.61,2163.2
554,Machine_1,2025-04-07 02:52:00,Not OK,75.43,49.67,228.54,7.19,3607.66
555,Machine_1,2025-04-07 02:56:00,OK,38.16,34.26,223.22,7.83,1074.12
556,Machine_1,2025-04-07 03:00:00,OK,39.63,55.49,224.33,7.78,1426.53
557,Machine_1,2025-04-07 03:04:00,OK,29.34,46.77,216.76,8.54,1700.76
558,Machine_1,2025-04-07 03:08:00,OK,31.87,43.91,210.02,7.63,2103.01
559,Machine_1,2025-04-07 03:12:00,Not OK,59.34,87.97,190.92,7.37,4471.95
560,Machine_1,2025-04-07 03:16:00,OK,30.47,48.74,238.17,9.08,745.0
561,Machine_1,2025-04-07 03:20:00,OK,20.99,48.3,235.42,7.19,2265.93
562,Machine_1,2025-04-07 03:24:00,OK,23.05,38.87,232.04,7.49,1712.74
563,Machine_1,2025-04-07 03:28:00,OK,55.38,46.25,221.66,6.62,2060.58
564,Machine_1,2025-04-07 03:32:00,OK,52.49,56.92,220.28,6.9,2107.9
565,Machine_1,2025-04-07 03:36:00,OK,49.12,40.24,210.45,9.99,1285.0
566,Machine_1,2025-04-07 03:40:00,Not OK,83.89,58.39,229.51,16.34,3968.86
567,Machine_1,2025-04-07 03:44:00,OK,40.83,36.03,228.66,9.55,2449.28
568,Machine_1,2025-04-07 03:48:00,OK,46.94,41.85,233.27,9.54,679.08
569,Machine_1,2025-04-07 03:52:00,OK,47.13,43.09,213.01,8.18,2376.53
570,Machine_1,2025-04-07 03:56:00,Not OK,76.77,36.0,219.63,9.21,3728.09
571,Machine_1,2025-04-07 04:00:00,OK,60.0,49.91,238.57,6.06,2219.64
572,Machine_1,2025-04-07 04:04:00,OK,38.24,33.33,232.44,9.34,1690.01
573,Machine_1,2025-04-07 04:08:00,OK,53.53,45.36,234.67,8.55,518.71
574,Machine_1,2025-04-07 04:12:00,OK,43.19,48.14,225.22,5.76,1996.35
575,Machine_1,2025-04-07 04:16:00,OK,56.67,39.47,211.86,7.31,1439.87
576,Machine_1,2025-04-07 04:20:00,OK,38.48,44.53,219.91,8.62,2364.03
577,Machine_1,2025-04-07 04:24:00,OK,29.72,56.87,217.15,9.97,591.87
578,Machine_1,2025-04-07 04:28:00,OK,51.25,32.54,214.52,7.45,1757.18
579,Machine_1,2025-04-07 04:32:00,OK,32.01,30.04,229.8,8.87,1825.72
580,Machine_1,2025-04-07 04:36:00,OK,26.1,32.54,211.61,6.39,1007.1
581,Machine_1,2025-04-07 04:40:00,Not OK,24.9,45.91,196.55,9.81,716.81
582,Machine_1,2025-04-07 04:44:00,Not OK,36.31,52.54,193.77,5.78,871.24
583,Machine_1,2025-04-07 04:48:00,OK,32.51,56.89,213.15,9.12,1818.18
584,Machine_1,2025-04-07 04:52:00,OK,34.76,30.87,232.17,5.13,2141.68
585,Machine_1,2025-04-07 04:56:00,OK,55.16,58.75,212.25,8.04,2318.49
586,Machine_1,2025-04-07 05:00:00,OK,25.81,54.2,238.42,6.77,1334.57
587,Machine_1,2025-04-07 05:04:00,OK,48.39,34.12,232.55,6.14,1567.07
588,Machine_1,2025-04-07 05:08:00,OK,20.47,53.5,221.77,7.68,1396.45
589,Machine_1,2025-04-07 05:12:00,OK,22.09,43.69,229.61,8.8,1000.04
590,Machine_1,2025-04-07 05:16:00,OK,54.94,30.46,229.08,8.14,1376.66
591,Machine_1,2025-04-07 05:20:00,Not OK,50.5,84.07,193.79,8.28,4060.47
592,Machine_1,2025-04-07 05:24:00,Not OK,79.14,51.74,234.98,8.23,3620.13
593,Machine_1,2025-04-07 05:28:00,OK,28.17,38.57,234.15,6.47,2307.7
594,Machine_1,2025-04-07 05:32:00,OK,59.43,44.11,220.33,7.69,1370.6
595,Machine_1,2025-04-07 05:36:00,Not OK,59.69,80.04,196.94,5.13,4293.1
596,Machine_1,2025-04-07 05:40:00,OK,51.16,38.14,239.5,5.16,1723.83
597,Machine_1,2025-04-07 05:44:00,Not OK,50.44,85.34,190.27,6.96,3787.76
598,Machine_1,2025-04-07 05:48:00,OK,29.98,58.52,226.68,5.87,2134.58
599,Machine_1,2025-04-07 05:52:00,OK,49.25,58.52,210.68,9.05,725.33
600,Machine_1,2025-04-07 05:56:00,OK,48.13,31.18,223.58,9.13,2247.87
601,Machine_1,2025-04-07 06:00:00,OK,33.23,59.53,231.8,6.54,2066.32
602,Machine_1,2025-04-07 06:04:00,OK,42.24,49.98,217.37,6.35,776.94
603,Machine_1,2025-04-07 06:08:00,OK,43.65,59.84,232.14,7.5,2320.61
604,Machine_1,2025-04-07 06:12:00,OK,50.83,53.46,211.18,7.05,1848.84
605,Machine_1,2025-04-07 06:16:00,OK,42.04,58.26,212.27,6.97,1027.33
606,Machine_1,2025-04-07 06:20:00,OK,50.63,31.58,230.89,8.79,1008.59
607,Machine_1,2025-04-07 06:24:00,OK,28.18,53.35,221.28,7.58,1989.65
608,Machine_1,2025-04-07 06:28:00,OK,30.01,51.26,212.89,9.12,1356.74
609,Machine_1,2025-04-07 06:32:00,OK,44.19,55.74,213.63,9.46,774.09
610,Machine_1,2025-04-07 06:36:00,OK,29.44,49.48,214.86,7.35,1938.9
611,Machine_1,2025-04-07 06:40:00,Not OK,85.45,42.76,234.92,19.11,3604.98
612,Machine_1,2025-04-07 06:44:00,OK,36.97,54.69,236.3,6.55,1329.3
613,Machine_1,2025-04-07 06:48:00,Not OK,87.7,47.89,227.55,8.4,3673.61
614,Machine_1,2025-04-07 06:52:00,OK,50.44,47.77,223.36,6.36,1125.84
615,Machine_1,2025-04-07 06:56:00,OK,47.56,43.67,237.26,8.13,1315.75
616,Machine_1,2025-04-07 07:00:00,OK,52.52,32.31,225.56,5.39,1245.0
617,Machine_1,2025-04-07 07:04:00,OK,46.41,50.53,239.64,7.58,1379.53
618,Machine_1,2025-04-07 07:08:00,Not OK,28.79,81.62,197.43,9.23,3926.87
619,Machine_1,2025-04-07 07:12:00,OK,22.35,46.25,236.96,9.47,1210.12
620,Machine_1,2025-04-07 07:16:00,OK,25.42,46.09,238.46,7.0,1965.41
621,Machine_1,2025-04-07 07:20:00,Not OK,67.8,31.35,227.44,19.09,3797.87
622,Machine_1,2025-04-07 07:24:00,Not OK,62.67,53.5,215.44,17.72,4432.3
623,Machine_1,2025-04-07 07:28:00,OK,40.57,55.51,238.07,7.0,1176.56
624,Machine_1,2025-04-07 07:32:00,OK,29.18,58.96,228.55,8.44,647.25
625,Machine_1,2025-04-07 07:36:00,OK,31.21,57.42,233.73,9.85,1195.95
626,Machine_1,2025-04-07 07:40:00,OK,57.38,34.55,214.84,6.86,1973.27
627,Machine_1,2025-04-07 07:44:00,OK,57.9,34.11,215.42,5.5,568.63
628,Machine_1,2025-04-07 07:48:00,OK,44.51,43.7,226.93,5.81,515.75
629,Machine_1,2025-04-07 07:52:00,OK,20.26,44.85,227.09,8.76,1709.24
630,Machine_1,2025-04-07 07:56:00,OK,30.15,35.32,214.46,5.4,2494.95
631,Machine_1,2025-04-07 08:00:00,Not OK,27.74,85.51,190.55,8.06,3885.49
632,Machine_1,2025-04-07 08:04:00,OK,54.31,38.86,216.53,5.56,1707.31
633,Machine_1,2025-04-07 08:08:00,OK,57.14,43.0,234.32,8.68,2360.59
634,Machine_1,2025-04-07 08:12:00,Not OK,77.31,55.81,231.82,18.41,4009.45
635,Machine_1,2025-04-07 08:16:00,OK,40.88,59.11,237.97,9.53,574.54
636,Machine_1,2025-04-07 08:20:00,Not OK,89.89,45.33,237.28,19.07,3843.61
637,Machine_1,2025-04-07 08:24:00,Not OK,28.36,81.99,194.03,8.1,3638.75
638,Machine_1,2025-04-07 08:28:00,OK,40.83,51.56,220.5,5.37,2196.11
639,Machine_1,2025-04-07 08:32:00,OK,43.36,58.83,239.72,6.74,942.57
640,Machine_1,2025-04-07 08:36:00,OK,55.0,57.41,216.69,5.93,1172.05
641,Machine_1,2025-04-07 08:40:00,OK,59.87,59.0,225.35,7.83,1473.41
642,Machine_1,2025-04-07 08:44:00,OK,55.88,35.69,238.11,9.21,1385.21
643,Machine_1,2025-04-07 08:48:00,OK,50.82,43.89,239.75,6.97,1446.29
644,Machine_1,2025-04-07 08:52:00,Not OK,71.73,30.08,233.38,17.5,3748.6
645,Machine_1,2025-04-07 08:56:00,OK,40.08,49.64,227.64,9.74,1917.23
646,Machine_1,2025-04-07 09:00:00,OK,42.7,35.06,233.81,5.93,1511.47
647,Machine_1,2025-04-07 09:04:00,OK,30.46,37.26,216.84,6.28,1810.82
648,Machine_1,2025-04-07 09:08:00,Not OK,50.85,88.3,193.01,9.5,4329.37
649,Machine_1,2025-04-07 09:12:00,Not OK,62.3,33.8,216.92,16.21,4443.88
650,Machine_1,2025-04-07 09:16:00,OK,49.65,41.44,215.35,5.21,1340.84
651,Machine_1,2025-04-07 09:20:00,OK,51.98,39.28,223.04,9.98,1830.17
652,Machine_1,2025-04-07 09:24:00,Not OK,79.92,54.5,239.84,6.65,4609.56
653,Machine_1,2025-04-07 09:28:00,Not OK,74.72,31.03,236.69,6.4,3716.48
654,Machine_1,2025-04-07 09:32:00,OK,29.85,51.34,234.97,9.63,2109.8
655,Machine_1,2025-04-07 09:36:00,OK,46.16,30.93,224.15,7.4,530.14
656,Machine_1,2025-04-07 09:40:00,OK,38.06,33.08,239.56,9.32,1722.12
657,Machine_1,2025-04-07 09:44:00,Not OK,69.59,41.02,218.34,19.17,4377.21
658,Machine_1,2025-04-07 09:48:00,OK,53.31,41.91,217.93,7.27,590.73
659,Machine_1,2025-04-07 09:52:00,OK,31.08,53.88,214.59,5.95,915.61
660,Machine_1,2025-04-07 09:56:00,Not OK,70.46,55.74,218.21,9.05,4685.97
661,Machine_1,2025-04-07 10:00:00,Not OK,73.19,48.73,233.43,6.6,3746.65
662,Machine_1,2025-04-07 10:04:00,OK,34.0,40.97,237.52,7.62,999.76
663,Machine_1,2025-04-07 10:08:00,OK,43.51,46.09,216.73,8.51,1735.47
664,Machine_1,2025-04-07 10:12:00,OK,40.21,47.43,226.34,7.35,1892.73
665,Machine_1,2025-04-07 10:16:00,OK,49.66,30.69,230.79,5.81,1643.14
666,Machine_1,2025-04-07 10:20:00,OK,36.26,56.32,233.37,6.86,1027.84
667,Machine_1,2025-04-07 10:24:00,OK,36.62,55.48,232.26,5.91,983.68
668,Machine_1,2025-04-07 10:28:00,Not OK,75.65,31.19,221.25,17.64,3607.58
669,Machine_1,2025-04-07 10:32:00,OK,25.22,30.53,234.92,7.59,1687.08
670,Machine_1,2025-04-07 10:36:00,OK,44.19,31.71,230.25,8.43,1589.0
671,Machine_1,2025-04-07 10:40:00,OK,25.39,36.68,212.14,7.6,2191.05
672,Machine_1,2025-04-07 10:44:00,OK,22.03,49.43,237.69,6.21,1296.38
673,Machine_1,2025-04-07 10:48:00,OK,29.19,57.05,239.7,8.03,2099.99
674,Machine_1,2025-04-07 10:52:00,OK,38.83,53.86,217.39,8.54,2333.72
675,Machine_1,2025-04-07 10:56:00,OK,38.25,31.98,215.64,5.99,1152.09
676,Machine_1,2025-04-07 11:00:00,Not OK,45.51,80.73,195.26,7.23,4220.42
677,Machine_1,2025-04-07 11:04:00,OK,32.3,56.87,213.03,6.65,2220.88
678,Machine_1,2025-04-07 11:08:00,Not OK,72.53,51.39,220.83,19.47,3700.29
679,Machine_1,2025-04-07 11:12:00,OK,54.77,45.67,224.46,9.21,1127.83
680,Machine_1,2025-04-07 11:16:00,OK,53.52,47.39,210.69,9.19,613.09
681,Machine_1,2025-04-07 11:20:00,OK,44.09,42.46,237.9,9.92,1552.37
682,Machine_1,2025-04-07 11:24:00,OK,25.89,43.18,236.45,7.87,1727.06
683,Machine_1,2025-04-07 11:28:00,OK,52.89,50.02,238.63,9.27,1142.74
684,Machine_1,2025-04-07 11:32:00,OK,34.89,42.9,228.4,6.91,1677.14
685,Machine_1,2025-04-07 11:36:00,OK,40.95,53.62,218.21,5.91,1102.58
686,Machine_1,2025-04-07 11:40:00,OK,25.94,49.24,228.08,8.76,888.67
687,Machine_1,2025-04-07 11:44:00,OK,33.9,54.64,236.26,6.6,980.71
688,Machine_1,2025-04-07 11:48:00,OK,26.66,57.71,234.66,5.38,2474.66
689,Machine_1,2025-04-07 11:52:00,Not OK,63.77,41.13,228.5,19.64,3803.91
690,Machine_1,2025-04-07 11:56:00,Not OK,77.83,36.2,235.98,8.43,3639.81
691,Machine_1,2025-04-07 12:00:00,OK,45.12,58.78,231.81,5.39,1476.59
692,Machine_1,2025-04-07 12:04:00,OK,21.66,53.87,227.14,6.56,1364.43
693,Machine_1,2025-04-07 12:08:00,OK,34.36,38.2,215.98,8.48,803.65
694,Machine_1,2025-04-07 12:12:00,OK,31.93,40.48,236.55,6.43,1353.62
695,Machine_1,2025-04-07 12:16:00,OK,33.0,52.18,212.45,9.9,2474.79
696,Machine_1,2025-04-07 12:20:00,OK,48.62,55.34,235.16,8.73,663.97
697,Machine_1,2025-04-07 12:24:00,Not OK,71.92,43.08,238.76,16.89,4210.21
698,Machine_1,2025-04-07 12:28:00,OK,26.9,52.24,224.33,7.39,662.06
699,Machine_1,2025-04-07 12:32:00,Not OK,64.97,52.96,222.34,18.91,4480.39
700,Machine_1,2025-04-07 12:36:00,OK,21.05,42.27,218.54,8.15,1167.03
701,Machine_1,2025-04-07 12:40:00,OK,52.83,43.41,226.69,5.46,2488.92
702,Machine_1,2025-04-07 12:44:00,OK,49.62,35.02,239.23,8.38,1126.83
703,Machine_1,2025-04-07 12:48:00,OK,20.47,54.17,234.67,6.36,1886.12
704,Machine_1,2025-04-07 12:52:00,OK,28.4,35.1,229.97,5.38,1295.61
705,Machine_1,2025-04-07 12:56:00,OK,49.7,56.96,227.36,9.44,1554.03
706,Machine_1,2025-04-07 13:00:00,OK,52.06,38.78,227.94,6.26,1437.29
707,Machine_1,2025-04-07 13:04:00,OK,52.29,35.21,213.7,9.75,1318.0
708,Machine_1,2025-04-07 13:08:00,OK,39.38,41.68,214.69,9.87,2281.76
709,Machine_1,2025-04-07 13:12:00,Not OK,74.6,40.01,236.04,8.51,4648.67
710,Machine_1,2025-04-07 13:16:00,OK,29.24,36.93,236.78,5.45,524.85
711,Machine_1,2025-04-07 13:20:00,OK,44.0,54.57,214.88,6.1,2244.94
712,Machine_1,2025-04-07 13:24:00,Not OK,25.89,35.09,194.28,9.34,732.52
713,Machine_1,2025-04-07 13:28:00,OK,58.69,45.29,220.91,9.86,1824.61
714,Machine_1,2025-04-07 13:32:00,OK,49.31,44.95,218.2,9.38,1638.0
715,Machine_1,2025-04-07 13:36:00,OK,27.79,31.62,231.31,7.53,1592.82
716,Machine_1,2025-04-07 13:40:00,OK,41.37,37.7,214.52,6.12,1101.8
717,Machine_1,2025-04-07 13:44:00,Not OK,66.58,35.02,229.25,18.3,3864.3
718,Machine_1,2025-04-07 13:48:00,Not OK,49.51,89.79,197.0,5.54,4459.43
719,Machine_1,2025-04-07 13:52:00,Not OK,20.12,50.86,193.15,8.33,642.58
720,Machine_1,2025-04-07 13:56:00,Not OK,85.8,31.7,236.46,18.67,3817.18
721,Machine_1,2025-04-07 14:00:00,OK,41.52,47.12,217.47,9.73,776.81
722,Machine_1,2025-04-07 14:04:00,OK,40.31,42.8,239.12,8.18,1448.89
723,Machine_1,2025-04-07 14:08:00,OK,46.17,38.14,220.95,6.08,523.82
724,Machine_1,2025-04-07 14:12:00,Not OK,21.42,83.06,192.04,6.67,4254.72
725,Machine_1,2025-04-07 14:16:00,OK,41.88,30.72,220.72,8.92,1944.14
726,Machine_1,2025-04-07 14:20:00,Not OK,58.94,86.29,191.81,6.16,4433.05
727,Machine_1,2025-04-07 14:24:00,OK,41.32,40.72,215.88,5.63,1057.4
728,Machine_1,2025-04-07 14:28:00,OK,54.91,37.38,213.27,8.26,1314.77
729,Machine_1,2025-04-07 14:32:00,OK,53.77,36.88,224.29,8.5,2357.28
730,Machine_1,2025-04-07 14:36:00,OK,24.37,40.62,235.21,9.6,1485.68
731,Machine_1,2025-04-07 14:40:00,OK,52.29,39.62,220.03,9.4,1210.45
732,Machine_1,2025-04-07 14:44:00,Not OK,54.61,84.66,199.82,7.4,4116.68
733,Machine_1,2025-04-07 14:48:00,OK,34.79,51.69,229.32,6.6,1491.73
734,Machine_1,2025-04-07 14:52:00,Not OK,82.14,47.56,225.88,6.22,4643.36
735,Machine_1,2025-04-07 14:56:00,OK,23.47,33.92,219.74,5.19,2261.73
736,Machine_1,2025-04-07 15:00:00,OK,24.17,47.33,236.61,5.67,2381.19
737,Machine_1,2025-04-07 15:04:00,Not OK,40.25,81.76,193.33,7.3,4463.52
738,Machine_1,2025-04-07 15:08:00,OK,37.48,31.49,223.12,8.44,967.65
739,Machine_1,2025-04-07 15:12:00,Not OK,32.21,86.04,193.8,7.68,4483.4
740,Machine_1,2025-04-07 15:16:00,Not OK,34.33,83.4,191.04,6.77,3748.88
741,Machine_1,2025-04-07 15:20:00,OK,31.39,55.45,232.21,8.72,669.35
742,Machine_1,2025-04-07 15:24:00,OK,46.05,47.98,235.06,9.7,2135.49
743,Machine_1,2025-04-07 15:28:00,OK,56.11,38.6,228.74,8.72,647.07
744,Machine_1,2025-04-07 15:32:00,OK,38.2,47.69,236.15,5.44,866.07
745,Machine_1,2025-04-07 15:36:00,OK,59.85,54.44,218.63,6.14,501.67
746,Machine_1,2025-04-07 15:40:00,OK,54.22,33.72,232.89,6.3,1801.72
747,Machine_1,2025-04-07 15:44:00,OK,40.02,53.76,220.72,6.76,764.83
748,Machine_1,2025-04-07 15:48:00,OK,43.31,57.62,230.31,8.86,1536.1
749,Machine_1,2025-04-07 15:52:00,OK,42.74,38.6,226.53,5.27,1036.85
750,Machine_1,2025-04-07 15:56:00,OK,49.95,35.97,222.87,5.55,613.43
751,Machine_1,2025-04-07 16:00:00,OK,21.88,35.02,229.32,5.59,2414.79
752,Machine_1,2025-04-07 16:04:00,Not OK,74.92,57.74,238.15,16.26,4292.84
753,Machine_1,2025-04-07 16:08:00,OK,44.1,42.08,234.69,5.51,550.72
754,Machine_1,2025-04-07 16:12:00,Not OK,79.11,55.69,235.6,19.44,4059.42
755,Machine_1,2025-04-07 16:16:00,OK,21.72,31.49,234.49,5.37,1162.31
756,Machine_1,2025-04-07 16:20:00,OK,35.87,31.91,229.19,9.77,1681.17
757,Machine_1,2025-04-07 16:24:00,OK,25.91,47.58,220.75,8.06,2007.86
758,Machine_1,2025-04-07 16:28:00,OK,30.41,38.53,239.78,9.56,632.32
759,Machine_1,2025-04-07 16:32:00,Not OK,20.26,50.12,199.0,6.55,830.58
760,Machine_1,2025-04-07 16:36:00,OK,45.05,45.58,230.52,8.0,2129.72
761,Machine_1,2025-04-07 16:40:00,OK,28.4,40.9,232.78,8.8,1724.22
762,Machine_1,2025-04-07 16:44:00,Not OK,75.05,55.12,222.77,18.21,4315.43
763,Machine_1,2025-04-07 16:48:00,Not OK,30.48,56.6,195.51,7.52,531.14
764,Machine_1,2025-04-07 16:52:00,OK,40.02,35.05,223.97,9.76,758.0
765,Machine_1,2025-04-07 16:56:00,OK,45.87,45.8,223.57,8.26,2137.61
766,Machine_1,2025-04-07 17:00:00,Not OK,78.77,48.53,224.26,19.91,4337.26
767,Machine_1,2025-04-07 17:04:00,OK,47.45,44.3,230.0,7.96,1651.22
768,Machine_1,2025-04-07 17:08:00,OK,35.56,52.99,228.19,5.83,1503.61
769,Machine_1,2025-04-07 17:12:00,OK,47.2,46.57,239.5,6.94,1951.82
770,Machine_1,2025-04-07 17:16:00,Not OK,59.69,84.95,190.12,5.48,3973.19
771,Machine_1,2025-04-07 17:20:00,OK,41.79,44.29,225.21,8.82,2378.0
772,Machine_1,2025-04-07 17:24:00,OK,28.56,41.19,221.2,6.4,506.04
773,Machine_1,2025-04-07 17:28:00,OK,49.31,41.67,215.01,6.35,1024.6
774,Machine_1,2025-04-07 17:32:00,OK,42.24,32.72,215.41,5.57,1904.06
775,Machine_1,2025-04-07 17:36:00,OK,53.31,32.42,232.98,6.65,2492.23
776,Machine_1,2025-04-07 17:40:00,OK,59.28,34.89,217.15,5.34,2148.14
777,Machine_1,2025-04-07 17:44:00,OK,35.98,39.63,223.59,9.51,1562.07
778,Machine_1,2025-04-07 17:48:00,OK,20.81,45.82,221.58,9.38,721.59
779,Machine_1,2025-04-07 17:52:00,OK,38.68,58.88,230.74,8.05,2147.9
780,Machine_1,2025-04-07 17:56:00,OK,42.93,35.27,217.56,9.99,831.07
781,Machine_1,2025-04-07 18:00:00,OK,49.35,42.3,233.52,8.62,2434.39
782,Machine_1,2025-04-07 18:04:00,OK,33.62,56.39,235.47,9.0,610.98
783,Machine_1,2025-04-07 18:08:00,OK,41.84,36.05,227.55,7.3,1764.07
784,Machine_1,2025-04-07 18:12:00,Not OK,46.77,80.05,193.88,7.02,4369.11
785,Machine_1,2025-04-07 18:16:00,Not OK,76.54,34.03,232.94,5.35,3845.93
786,Machine_1,2025-04-07 18:20:00,OK,41.61,51.06,227.07,9.47,1599.82
787,Machine_1,2025-04-07 18:24:00,Not OK,56.61,88.7,198.89,8.05,4161.1
788,Machine_1,2025-04-07 18:28:00,OK,42.34,40.83,231.82,8.99,1596.72
789,Machine_1,2025-04-07 18:32:00,OK,24.62,54.23,220.8,7.52,1947.01
790,Machine_1,2025-04-07 18:36:00,OK,40.02,46.08,238.6,6.53,1905.29
791,Machine_1,2025-04-07 18:40:00,Not OK,45.85,33.96,191.01,8.59,768.19
792,Machine_1,2025-04-07 18:44:00,Not OK,21.99,43.4,190.54,8.53,517.04
793,Machine_1,2025-04-07 18:48:00,OK,44.67,48.04,232.27,5.09,2171.86
794,Machine_1,2025-04-07 18:52:00,Not OK,66.83,44.79,233.62,17.0,4156.75
795,Machine_1,2025-04-07 18:56:00,OK,30.18,47.74,223.21,9.04,665.47
796,Machine_1,2025-04-07 19:00:00,OK,25.64,51.81,221.23,6.02,2259.77
797,Machine_1,2025-04-07 19:04:00,OK,32.89,42.05,219.25,9.44,1753.56
798,Machine_1,2025-04-07 19:08:00,OK,52.82,54.7,233.59,5.67,2089.01
799,Machine_1,2025-04-07 19:12:00,OK,34.19,53.84,210.66,9.37,2223.86
800,Machine_1,2025-04-07 19:16:00,OK,38.54,57.57,225.28,7.3,2379.37
801,Machine_1,2025-04-07 19:20:00,Not OK,60.45,54.79,222.31,18.38,3746.63
802,Machine_1,2025-04-07 19:24:00,Not OK,32.5,50.25,197.41,5.39,531.46
803,Machine_1,2025-04-07 19:28:00,OK,25.71,55.77,210.08,6.95,1351.24
804,Machine_1,2025-04-07 19:32:00,OK,41.92,54.07,231.14,8.18,1548.82
805,Machine_1,2025-04-07 19:36:00,OK,40.68,59.35,239.59,9.33,2405.19
806,Machine_1,2025-04-07 19:40:00,Not OK,78.45,41.74,211.72,16.63,3949.5
807,Machine_1,2025-04-07 19:44:00,OK,33.29,34.37,236.06,9.21,2011.6
808,Machine_1,2025-04-07 19:48:00,OK,52.08,51.77,236.62,9.43,2190.96
809,Machine_1,2025-04-07 19:52:00,OK,28.98,44.09,213.28,5.13,1372.17
810,Machine_1,2025-04-07 19:56:00,Not OK,72.66,32.43,221.41,7.29,4532.36
811,Machine_1,2025-04-07 20:00:00,OK,22.46,53.49,226.44,9.61,991.25
812,Machine_1,2025-04-07 20:04:00,OK,47.07,43.96,222.49,8.0,1315.53
813,Machine_1,2025-04-07 20:08:00,OK,54.91,50.79,228.82,6.85,713.78
814,Machine_1,2025-04-07 20:12:00,Not OK,79.92,47.03,233.48,19.23,4244.9
815,Machine_1,2025-04-07 20:16:00,OK,56.63,42.66,227.35,9.64,1805.84
816,Machine_1,2025-04-07 20:20:00,OK,59.88,30.75,222.28,7.73,923.75
817,Machine_1,2025-04-07 20:24:00,OK,31.33,35.98,217.67,7.1,501.72
818,Machine_1,2025-04-07 20:28:00,OK,35.69,50.32,222.53,8.0,679.85
819,Machine_1,2025-04-07 20:32:00,OK,59.1,56.11,235.21,8.66,1778.5
820,Machine_1,2025-04-07 20:36:00,OK,21.81,52.37,224.44,7.28,2396.54
821,Machine_1,2025-04-07 20:40:00,OK,55.95,35.4,231.41,7.44,1104.4
822,Machine_1,2025-04-07 20:44:00,OK,21.13,30.6,229.52,6.95,1166.14
823,Machine_1,2025-04-07 20:48:00,Not OK,52.06,51.85,190.08,9.3,692.75
824,Machine_1,2025-04-07 20:52:00,Not OK,81.19,34.51,227.99,18.66,4279.16
825,Machine_1,2025-04-07 20:56:00,Not OK,66.15,44.25,224.35,16.59,3994.81
826,Machine_1,2025-04-07 21:00:00,Not OK,66.43,31.79,219.9,16.94,3647.84
827,Machine_1,2025-04-07 21:04:00,Not OK,72.72,30.08,232.75,6.48,3736.14
828,Machine_1,2025-04-07 21:08:00,Not OK,52.45,84.09,198.83,8.57,4485.11
829,Machine_1,2025-04-07 21:12:00,OK,57.32,30.75,231.05,5.74,706.25
830,Machine_1,2025-04-07 21:16:00,OK,45.04,58.1,230.4,8.49,575.28
831,Machine_1,2025-04-07 21:20:00,OK,52.82,57.09,217.25,8.38,1157.92
832,Machine_1,2025-04-07 21:24:00,OK,37.93,42.14,232.92,6.04,1723.4
833,Machine_1,2025-04-07 21:28:00,OK,25.53,53.52,225.98,6.59,687.01
834,Machine_1,2025-04-07 21:32:00,OK,37.78,55.59,217.35,9.2,1445.8
835,Machine_1,2025-04-07 21:36:00,OK,30.25,50.36,220.85,5.48,957.98
836,Machine_1,2025-04-07 21:40:00,OK,57.98,39.24,218.25,6.33,715.7
837,Machine_1,2025-04-07 21:44:00,OK,55.48,33.61,238.33,9.48,1734.35
838,Machine_1,2025-04-07 21:48:00,OK,28.28,57.69,229.18,7.18,2344.88
839,Machine_1,2025-04-07 21:52:00,OK,49.53,40.93,234.71,6.56,845.58
840,Machine_1,2025-04-07 21:56:00,Not OK,65.9,45.6,232.77,17.98,3947.68
841,Machine_1,2025-04-07 22:00:00,Not OK,36.72,80.54,199.72,7.32,4054.85
842,Machine_1,2025-04-07 22:04:00,Not OK,70.1,50.32,234.85,9.36,3629.06
843,Machine_1,2025-04-07 22:08:00,Not OK,78.33,37.53,225.79,17.2,3659.5
844,Machine_1,2025-04-07 22:12:00,OK,59.8,52.19,222.87,9.98,1247.59
845,Machine_1,2025-04-07 22:16:00,Not OK,68.17,40.68,223.45,16.79,3805.74
846,Machine_1,2025-04-07 22:20:00,OK,25.2,48.05,224.79,6.93,989.53
847,Machine_1,2025-04-07 22:24:00,OK,26.1,33.71,226.17,9.78,1084.05
848,Machine_1,2025-04-07 22:28:00,OK,21.7,42.12,236.09,5.89,1195.45
849,Machine_1,2025-04-07 22:32:00,OK,59.11,56.14,226.42,6.36,2149.48
850,Machine_1,2025-04-07 22:36:00,OK,41.39,41.29,224.26,7.42,814.06
851,Machine_1,2025-04-07 22:40:00,Not OK,45.61,81.57,197.46,5.02,4108.75
852,Machine_1,2025-04-07 22:44:00,OK,50.29,34.55,227.53,7.58,1253.68
853,Machine_1,2025-04-07 22:48:00,OK,51.25,50.17,213.96,9.19,1878.24
854,Machine_1,2025-04-07 22:52:00,OK,33.74,45.74,234.61,6.48,2391.82
855,Machine_1,2025-04-07 22:56:00,Not OK,86.45,41.54,229.84,18.52,3825.95
856,Machine_1,2025-04-07 23:00:00,Not OK,77.15,46.54,210.86,16.49,4273.76
857,Machine_1,2025-04-07 23:04:00,OK,46.56,45.0,236.51,7.17,1906.83
858,Machine_1,2025-04-07 23:08:00,OK,47.74,40.89,230.14,8.4,1464.17
859,Machine_1,2025-04-07 23:12:00,OK,32.18,37.97,236.36,7.24,791.57
860,Machine_1,2025-04-07 23:16:00,Not OK,29.64,80.97,191.26,6.2,4250.89
861,Machine_1,2025-04-07 23:20:00,OK,48.86,39.84,212.98,8.45,523.69
862,Machine_1,2025-04-07 23:24:00,Not OK,80.7,47.76,217.73,9.3,3968.38
863,Machine_1,2025-04-07 23:28:00,OK,50.66,59.41,229.51,9.18,1189.78
864,Machine_1,2025-04-07 23:32:00,OK,33.73,54.27,235.92,7.37,891.48
865,Machine_1,2025-04-07 23:36:00,OK,47.9,40.77,224.72,8.06,1960.25
866,Machine_1,2025-04-07 23:40:00,OK,47.41,30.96,215.29,8.59,2055.01
867,Machine_1,2025-04-07 23:44:00,OK,49.22,32.72,220.49,9.46,1680.96
868,Machine_1,2025-04-07 23:48:00,OK,47.77,59.29,210.33,8.59,1768.96
869,Machine_1,2025-04-07 23:52:00,Not OK,42.23,38.13,195.01,5.07,804.51
870,Machine_1,2025-04-07 23:56:00,Not OK,21.88,87.52,198.13,8.88,3637.62
871,Machine_1,2025-04-08 00:00:00,OK,55.85,58.5,227.07,10.0,2278.79
872,Machine_1,2025-04-08 00:04:00,Not OK,63.4,44.12,227.38,18.64,4299.32
873,Machine_1,2025-04-08 00:08:00,OK,56.43,38.46,228.13,7.46,896.65
874,Machine_1,2025-04-08 00:12:00,Not OK,41.29,80.49,191.83,6.48,3887.47
875,Machine_1,2025-04-08 00:16:00,OK,43.73,51.54,224.51,5.77,1164.94
876,Machine_1,2025-04-08 00:20:00,OK,27.96,34.33,236.39,6.23,1364.33
877,Machine_1,2025-04-08 00:24:00,OK,30.01,33.23,215.24,6.55,2053.66
878,Machine_1,2025-04-08 00:28:00,OK,43.55,40.61,215.83,8.19,1338.33
879,Machine_1,2025-04-08 00:32:00,OK,47.65,39.98,222.08,8.4,1512.94
880,Machine_1,2025-04-08 00:36:00,OK,50.63,49.19,212.75,5.89,733.53
881,Machine_1,2025-04-08 00:40:00,Not OK,81.84,46.96,233.43,7.96,4080.01
882,Machine_1,2025-04-08 00:44:00,OK,31.48,53.44,219.13,5.62,2084.62
883,Machine_1,2025-04-08 00:48:00,OK,55.53,40.87,235.5,9.18,764.93
884,Machine_1,2025-04-08 00:52:00,Not OK,73.12,34.21,237.61,5.85,4149.51
885,Machine_1,2025-04-08 00:56:00,OK,23.6,39.2,227.65,9.56,1354.82
886,Machine_1,2025-04-08 01:00:00,OK,56.79,57.9,215.08,9.61,1851.47
887,Machine_1,2025-04-08 01:04:00,Not OK,21.18,37.47,198.52,6.34,641.88
888,Machine_1,2025-04-08 01:08:00,OK,37.06,52.03,235.27,9.58,1906.11
889,Machine_1,2025-04-08 01:12:00,OK,44.45,50.2,222.27,5.63,1178.76
890,Machine_1,2025-04-08 01:16:00,Not OK,78.4,47.88,237.28,20.0,4316.58
891,Machine_1,2025-04-08 01:20:00,Not OK,27.0,58.4,191.32,9.35,833.17
892,Machine_1,2025-04-08 01:24:00,OK,33.95,50.13,237.26,9.7,1594.02
893,Machine_1,2025-04-08 01:28:00,OK,29.76,55.47,233.13,9.85,1287.75
894,Machine_1,2025-04-08 01:32:00,Not OK,88.02,46.51,226.49,19.16,4224.53
895,Machine_1,2025-04-08 01:36:00,OK,56.08,44.55,238.99,7.26,1476.32
896,Machine_1,2025-04-08 01:40:00,Not OK,72.41,42.9,216.82,8.8,4294.44
897,Machine_1,2025-04-08 01:44:00,OK,21.63,46.78,216.96,8.88,1545.66
898,Machine_1,2025-04-08 01:48:00,OK,59.13,57.82,223.99,7.3,1520.68
899,Machine_1,2025-04-08 01:52:00,Not OK,28.32,55.62,192.62,9.88,547.14
900,Machine_1,2025-04-08 01:56:00,OK,45.52,48.8,218.57,7.7,1466.58
901,Machine_1,2025-04-08 02:00:00,OK,35.84,58.38,228.05,9.88,1905.52
902,Machine_1,2025-04-08 02:04:00,OK,29.35,37.98,230.93,6.7,1829.93
903,Machine_1,2025-04-08 02:08:00,OK,38.35,57.9,224.04,5.21,2152.02
904,Machine_1,2025-04-08 02:12:00,Not OK,76.41,32.68,216.78,17.36,3896.37
905,Machine_1,2025-04-08 02:16:00,OK,47.15,52.87,225.58,5.41,2293.1
906,Machine_1,2025-04-08 02:20:00,Not OK,27.35,49.08,194.36,6.08,690.25
907,Machine_1,2025-04-08 02:24:00,OK,38.97,58.41,229.54,9.47,680.45
908,Machine_1,2025-04-08 02:28:00,OK,26.6,42.13,218.29,9.18,2091.39
909,Machine_1,2025-04-08 02:32:00,Not OK,74.05,50.17,226.03,19.88,3879.1
910,Machine_1,2025-04-08 02:36:00,Not OK,85.74,53.36,211.63,6.31,3672.08
911,Machine_1,2025-04-08 02:40:00,Not OK,30.63,89.4,199.61,7.45,4375.05
912,Machine_1,2025-04-08 02:44:00,OK,56.11,56.08,230.22,6.31,514.69
913,Machine_1,2025-04-08 02:48:00,OK,57.16,44.92,212.63,9.25,2372.66
914,Machine_1,2025-04-08 02:52:00,OK,20.64,42.23,215.0,7.5,2240.81
915,Machine_1,2025-04-08 02:56:00,Not OK,33.61,88.43,198.53,5.33,4297.97
916,Machine_1,2025-04-08 03:00:00,OK,54.36,57.35,225.53,6.81,594.75
917,Machine_1,2025-04-08 03:04:00,Not OK,41.11,86.95,198.09,8.82,4434.21
918,Machine_1,2025-04-08 03:08:00,OK,20.46,50.63,223.15,9.32,1326.78
919,Machine_1,2025-04-08 03:12:00,OK,24.67,35.18,233.12,5.38,1538.77
920,Machine_1,2025-04-08 03:16:00,Not OK,68.63,35.63,228.81,18.07,4343.46
921,Machine_1,2025-04-08 03:20:00,Not OK,77.81,31.75,239.15,17.49,4112.85
922,Machine_1,2025-04-08 03:24:00,OK,51.92,33.7,231.9,6.06,1671.29
923,Machine_1,2025-04-08 03:28:00,OK,52.23,30.98,214.2,9.22,748.42
924,Machine_1,2025-04-08 03:32:00,Not OK,71.34,33.11,233.44,18.76,3887.92
925,Machine_1,2025-04-08 03:36:00,OK,25.1,51.22,235.63,9.49,848.24
926,Machine_1,2025-04-08 03:40:00,OK,44.49,52.33,238.3,6.11,725.29
927,Machine_1,2025-04-08 03:44:00,Not OK,83.53,35.26,230.78,16.24,4104.48
928,Machine_1,2025-04-08 03:48:00,OK,39.79,45.76,215.39,8.78,795.33
929,Machine_1,2025-04-08 03:52:00,OK,34.79,56.66,233.07,9.09,1094.23
930,Machine_1,2025-04-08 03:56:00,OK,54.66,59.16,213.45,6.85,964.99
931,Machine_1,2025-04-08 04:00:00,OK,35.08,43.15,235.17,6.49,2063.78
932,Machine_1,2025-04-08 04:04:00,OK,27.44,51.94,212.79,5.71,836.61
933,Machine_1,2025-04-08 04:08:00,OK,35.67,43.66,229.77,5.26,588.03
934,Machine_1,2025-04-08 04:12:00,OK,24.88,32.59,237.93,5.18,1151.61
935,Machine_1,2025-04-08 04:16:00,Not OK,79.14,58.01,214.26,16.91,4464.42
936,Machine_1,2025-04-08 04:20:00,OK,27.97,37.3,214.16,9.8,1365.55
937,Machine_1,2025-04-08 04:24:00,OK,40.2,59.16,231.67,5.91,1454.02
938,Machine_1,2025-04-08 04:28:00,Not OK,72.33,34.15,216.12,9.23,4340.31
939,Machine_1,2025-04-08 04:32:00,OK,59.24,51.89,215.83,9.16,2238.3
940,Machine_1,2025-04-08 04:36:00,Not OK,22.85,85.48,192.03,8.98,4314.39
941,Machine_1,2025-04-08 04:40:00,OK,30.22,45.45,232.8,9.77,501.26
942,Machine_1,2025-04-08 04:44:00,OK,30.69,32.74,229.95,9.39,2431.6
943,Machine_1,2025-04-08 04:48:00,OK,57.49,30.93,222.08,9.43,2323.93
944,Machine_1,2025-04-08 04:52:00,OK,59.07,30.33,224.64,7.51,1630.34
945,Machine_1,2025-04-08 04:56:00,OK,41.86,43.57,217.03,8.05,505.33
946,Machine_1,2025-04-08 05:00:00,OK,27.18,33.89,237.07,8.21,2424.86
947,Machine_1,2025-04-08 05:04:00,OK,29.58,56.04,218.48,5.06,2021.23
948,Machine_1,2025-04-08 05:08:00,Not OK,73.94,47.56,232.39,16.35,3891.93
949,Machine_1,2025-04-08 05:12:00,OK,57.28,57.1,237.36,8.61,2440.18
950,Machine_1,2025-04-08 05:16:00,OK,59.95,40.18,220.23,6.26,678.37
951,Machine_1,2025-04-08 05:20:00,Not OK,86.24,59.17,210.7,9.37,3806.59
952,Machine_1,2025-04-08 05:24:00,OK,27.46,53.19,229.59,7.81,1201.99
953,Machine_1,2025-04-08 05:28:00,OK,39.12,40.45,227.68,9.43,2296.57
954,Machine_1,2025-04-08 05:32:00,OK,59.92,58.59,229.02,6.8,647.85
955,Machine_1,2025-04-08 05:36:00,OK,30.52,58.28,235.96,9.32,1129.88
956,Machine_1,2025-04-08 05:40:00,OK,33.54,31.93,220.89,5.84,1096.98
957,Machine_1,2025-04-08 05:44:00,Not OK,45.62,86.47,197.64,8.62,4298.48
958,Machine_1,2025-04-08 05:48:00,OK,22.28,40.04,230.21,5.43,770.17
959,Machine_1,2025-04-08 05:52:00,Not OK,73.06,47.88,213.74,7.8,4008.95
960,Machine_1,2025-04-08 05:56:00,OK,45.27,44.9,219.84,7.89,2073.19
961,Machine_1,2025-04-08 06:00:00,OK,59.84,32.65,221.46,7.01,2056.04
962,Machine_1,2025-04-08 06:04:00,OK,39.15,49.05,216.25,9.08,1484.97
963,Machine_1,2025-04-08 06:08:00,OK,29.1,45.24,216.32,9.42,1908.22
964,Machine_1,2025-04-08 06:12:00,OK,36.68,44.98,232.79,6.24,921.8
965,Machine_1,2025-04-08 06:16:00,OK,58.22,58.13,211.75,9.56,1687.38
966,Machine_1,2025-04-08 06:20:00,OK,26.19,50.28,233.29,8.78,2428.11
967,Machine_1,2025-04-08 06:24:00,Not OK,65.82,52.48,216.8,16.86,4342.34
968,Machine_1,2025-04-08 06:28:00,OK,27.37,55.59,234.16,8.88,2268.66
969,Machine_1,2025-04-08 06:32:00,Not OK,37.52,85.78,190.19,7.6,4189.68
970,Machine_1,2025-04-08 06:36:00,OK,48.1,40.7,217.08,8.02,2068.13
971,Machine_1,2025-04-08 06:40:00,OK,41.09,41.27,213.04,5.6,2212.1
972,Machine_1,2025-04-08 06:44:00,Not OK,82.02,37.47,214.0,19.82,3771.68
973,Machine_1,2025-04-08 06:48:00,Not OK,58.43,82.92,192.42,8.1,4240.72
974,Machine_1,2025-04-08 06:52:00,Not OK,50.64,81.04,191.11,8.85,4077.5
975,Machine_1,2025-04-08 06:56:00,OK,55.09,42.46,234.08,9.42,1902.32
976,Machine_1,2025-04-08 07:00:00,Not OK,30.79,48.62,196.46,9.24,860.75
977,Machine_1,2025-04-08 07:04:00,OK,32.34,36.9,224.17,8.91,2437.6
978,Machine_1,2025-04-08 07:08:00,OK,46.05,55.86,212.22,6.02,1355.43
979,Machine_1,2025-04-08 07:12:00,OK,38.75,40.06,236.19,7.41,878.42
980,Machine_1,2025-04-08 07:16:00,OK,45.15,38.85,239.44,8.5,2254.31
981,Machine_1,2025-04-08 07:20:00,OK,20.5,34.91,215.89,9.75,2475.2
982,Machine_1,2025-04-08 07:24:00,Not OK,70.38,58.59,227.54,7.47,4965.2
983,Machine_1,2025-04-08 07:28:00,Not OK,81.14,47.83,227.23,9.24,4288.04
984,Machine_1,2025-04-08 07:32:00,OK,58.64,47.39,234.87,7.88,1053.75
985,Machine_1,2025-04-08 07:36:00,OK,38.28,48.92,233.22,9.51,1783.24
986,Machine_1,2025-04-08 07:40:00,OK,44.06,46.8,213.84,6.29,869.3
987,Machine_1,2025-04-08 07:44:00,OK,57.92,57.28,224.96,6.51,1511.93
988,Machine_1,2025-04-08 07:48:00,OK,48.69,51.77,224.62,7.19,812.05
989,Machine_1,2025-04-08 07:52:00,OK,50.52,43.24,232.64,7.5,1440.32
990,Machine_1,2025-04-08 07:56:00,OK,51.8,33.03,236.08,6.06,1177.34
991,Machine_1,2025-04-08 08:00:00,Not OK,35.06,81.83,197.84,7.79,3938.43
992,Machine_1,2025-04-08 08:04:00,OK,27.84,54.66,213.26,9.99,731.61
993,Machine_1,2025-04-08 08:08:00,OK,24.79,43.95,228.49,8.69,2086.91
994,Machine_1,2025-04-08 08:12:00,OK,47.54,53.54,222.9,9.05,1740.23
995,Machine_1,2025-04-08 08:16:00,Not OK,89.59,57.69,234.85,9.88,4212.31
996,Machine_1,2025-04-08 08:20:00,Not OK,60.31,58.97,218.86,20.0,4080.53
997,Machine_1,2025-04-08 08:24:00,Not OK,72.29,53.79,220.63,19.33,4052.1
998,Machine_1,2025-04-08 08:28:00,OK,27.23,30.64,225.3,6.45,780.57
999,Machine_1,2025-04-08 08:32:00,OK,33.95,36.14,238.43,5.8,1848.09
